word,frequence
熔岩铁,123
脏脏,106
提拉米苏,78
奶盖,57
脏咖啡,54
太古里,54
黑糖脏,51
博士茶,43
喝咖啡,38
生巧,32
味道不错,31
晶融汇,31
熔岩博士,31
饮品店,30
巧脏,30
招牌熔岩,28
芋圆,27
咖啡味道,27
网红,25
加饮,24
莫吉托,21
咖啡饮品,21
喝起来,21
融汇对面,21
杯咖啡,19
想喝,18
一家店,18
上面提拉,17
熔岩咖啡,16
很好找,15
熔岩系列,15
打包带走,15
太甜,14
咖啡味,14
服务服务,14
霸王虾,14
店面不大,14
店面很小,13
喝口,13
很好喝,13
哥哥姐姐,13
百利甜,13
丝滑,12
冰淇淋熔岩,12
推荐熔岩,12
喝熔岩,11
喝杯,11
服务态度很好,11
米苏奶,11
里店,11
黑啤咖啡,11
杯熔岩,11
非常喜欢,10
里附近,10
喜欢喝,10
装修风格,10
堂食,10
真的太,10
买杯,10
海岛莫吉,10
位置很好,10
奶味,10
大众点评,10
薄荷环境,10
上面奶,10
脏茶,10
适合外带,10
服务很好,9
酸奶系列,9
很小一家,9
个人觉得,9
茶铁,9
态度很好,9
咖啡饮料,9
店面比较,9
比较淡,9
太好喝,9
挺好喝,9
太喜欢,8
饮品选,8
喜茶,8
杯饮料,8
创意饮品,8
熔岩美式,8
脏系列,8
里面芋,8
探店,8
真的好喝,8
一家咖啡店,8
环境店,8
颜值高,8
买了杯,8
朋友说,8
感觉不错,8
米苏冰淇淋,8
店里面,8
真的不错,8
红店,8
暹罗铁,8
一家小店,8
环境店面,7
甜铁,7
奶泡,7
咖啡口感,7
熔岩菠萝,7
看到店,7
偏甜,7
熔岩士多啤梨,7
杯饮品,7
味道比较,7
莓酸奶,7
口感不错,7
茶咖啡,7
红咖啡店,7
颜值很高,7
特别喜欢,7
脏桃胶,7
咖啡喝,7
朋友喝,7
奶香,7
熔岩暹罗,6
非常棒,6
蛮喜欢,6
出新品,6
气泡水,6
铁上面,6
主打咖啡,6
饮品名字,6
冰饮,6
咖啡牛奶,6
朋友推荐,6
喝加,6
伯爵鸳鸯,6
米苏咖啡,6
咖啡熔岩,6
杯生,6
踩雷,6
坚果包,6
姐姐态度,6
太适合,6
再喝,6
做咖啡,6
咖啡奶茶,5
再试试,5
环境很小,5
更适合,5
味道非常,5
口味比较,5
知道是不是,5
比较喜欢,5
饮品颜值,5
杯铁,5
想试试,5
熔岩奇异果,5
全糖,5
少糖,5
咖啡奶,5
超棒,5
咖啡真的,5
只能做,5
说好喝,5
杯美式,5
一直喜欢,5
喜欢咖啡,5
脏芋,5
西红柿首富,5
店员态度,5
外卖生意,5
位置太古,5
真的喜欢,5
味道很好,5
咖啡不错,5
熔岩提拉,5
不会腻,5
黑芝麻慕斯,5
会再来,5
以后会,5
买咖啡,5
冰铁,5
味道真的,5
没有喝过,5
牛油果奶昔,5
味道挺,5
店不大,5
奇异果酸奶,5
店饮品,5
姐姐热情,5
金汤力,5
咖啡金汤,5
适合打包,5
加咖啡,5
最好喝,5
慕斯茶,5
加冰,5
本来想,5
贤庄,5
喝到后面,5
跟着导航,5
味道蛮,4
下面咖啡,4
种草很久,4
铁铁,4
牛角包,4
里对面,4
路过店,4
小姐姐,4
店装修,4
铁招牌,4
软糯,4
喝奶茶,4
颜值不错,4
尝口,4
太爱,4
店里喝,4
甜度适中,4
比较少,4
推荐饮品,4
起来味道,4
加桃胶,4
喝到最后,4
店面装修,4
饮品种类,4
茶味道,4
店员说,4
茶奶,4
尝试熔岩,4
咖啡黑糖,4
咖啡会,4
会再,4
不含咖啡,4
咖啡香味,4
点评首页,4
奶咖,4
没喝,4
店位置,4
没喝过,4
选生,4
陪伴简单,4
里面加,4
创意咖啡,4
招牌咖啡,4
饮品太古,4
喝奶,4
微苦,4
拿到手,4
没有喝,4
喝招牌,4
一杯奶茶,4
非常非常,4
虾楼下,4
杯热,4
米苏熔岩,4
铁黑糖,4
生意很好,4
星爸爸,4
蛮好喝,4
不能喝,4
芒果酸奶,4
店铺很小,4
店很小,4
喝铁,4
简单美好,4
喝冰,4
咖啡好喝,4
有点腻,4
茉莉香橙,4
性价比高,4
服务热情,4
口下去,4
想象中,4
选热,4
咖啡朋友,4
非常好喝,4
盆友,4
一直想,4
适合久坐,4
新出,4
值得推荐,4
真的很好,4
咖啡加,4
更好喝,4
地址东大街,4
糖买,4
应该会,4
铁味道,4
甜腻,4
店咖啡,4
纱帽街,4
下面茶,4
比较浓郁,4
挂耳,4
蛮快,4
铁熔岩,4
价格实惠,4
铁好喝,4
铁真的,4
觉得口感,4
慢慢喝,4
喜欢甜,4
完全没有,4
喝杯咖啡,4
店铺不大,4
口喝到,4
品质不错,4
茶里面,4
东大街东大街,4
疫情期间,4
成都咖啡店,4
干净整洁,4
做外卖,4
一家咖啡,4
觉得味道,4
环境不错,4
里面哥哥,4
口闷,3
搅匀喝,3
喝比较,3
咖啡小店,3
水果酸奶,3
刚开始喝,3
靠窗座位,3
冰淇淋咖啡,3
环境太古,3
会有点,3
冰淇淋铁,3
味道还行,3
看到外面,3
咖啡做,3
每次路过,3
路过看到,3
店真的,3
外卖小哥,3
再来杯,3
选铁,3
推荐一家,3
浓缩咖啡,3
不要太,3
盖口感,3
说不错,3
服务没,3
喜欢太,3
感觉太,3
起来感觉,3
旅行计划,3
抗疫,3
口感顺滑,3
太好吃,3
价格不贵,3
春熙路附近,3
送咖啡,3
没有尝试,3
推出新品,3
咖啡融合,3
挂杯,3
店里哥哥,3
本来想去,3
非常不错,3
一起喝,3
比较顺滑,3
临街一家,3
感觉咖啡,3
进去买了,3
没有网,3
刚出炉,3
做活动,3
超喜欢,3
云买单,3
咖啡脏,3
加芋,3
喝太多,3
喝喜,3
选饮品,3
饮品选择,3
卖咖啡,3
杯黑糖,3
整体口感,3
喝桃胶,3
确实不错,3
咖啡豆味道,3
路过会,3
店面很大,3
记得喝,3
外卖送,3
终于喝到,3
口感很好,3
经常路过,3
里面香茅,3
可能更,3
熔岩铁味道,3
会腻,3
长条凳,3
味比较,3
坐下来,3
比较清淡,3
味道挺好,3
没有特别,3
店太小,3
喜欢奶,3
咖啡店里,3
必须喝,3
做冷饮,3
热铁,3
合庄,3
做热,3
挺好找,3
加糖,3
坐地方,3
奶味道,3
口感比较,3
环境店铺,3
服务挺好,3
喝太,3
喜欢里面,3
好喝店,3
喝美式,3
不错店,3
不算甜,3
贤合,3
杯想念,3
味道中规中矩,3
初恋莫吉,3
有点久,3
略贵,3
收藏很久,3
发现店,3
里逛街,3
盖提拉,3
说咖啡,3
口感很顺,3
泡巧克力粉,3
不算特别,3
非常用心,3
试试熔岩,3
强烈推荐熔岩,3
之前外卖,3
准备试试,3
经典咖啡,3
有点甜,3
滑口感,3
店里座位,3
真的喝,3
杯壁上,3
浓郁咖啡,3
没什么特别,3
虾旁边,3
入口顺滑,3
新鲜水果,3
铁不错,3
坐位置,3
环境服务,3
舒服感觉,3
喝不下,3
没有想象,3
味道浓郁,3
店春熙路,3
一家网,3
抹茶铁,3
杯冰,3
冰黑糖,3
咖啡系列,3
带吃,3
挺喜欢,3
不会太,3
起来不会,3
铁喝,3
蛮不错,3
同事说,3
开新店,3
雪绒,3
喜欢店里,3
虾隔壁,3
买套餐,3
服务店员,3
听朋友,3
杯招牌,3
风格简单,3
环境干净,3
味浓郁,3
店比较,3
喜欢感觉,3
态度不错,3
可能喝,3
真心不错,3
店员推荐,3
东大街霸王,3
成都探,3
符合口味,3
绒葡萄,3
饮太古,3
米苏铁,3
服务员态度,3
咖啡苦,3
龙泉冰茶,3
吹爆,3
之前一直,3
真的很棒,3
味道真心,3
做饮品,3
座位很少,3
会更,3
汁夭,3
感觉有点,3
喝饮品,3
性价比很高,3
夭夭,3
喝提拉,3
老板说,3
环境简单,3
店店,3
选杯,3
觉得好喝,3
草莓菠萝,3
熔岩铁和,3
会不会,3
位置坐,3
很顺滑,3
看到饮品,3
会比较,3
特别适合,3
口味杯,3
小伙伴一起,3
好看好喝,3
听名字,3
桃汁,3
要来杯,3
杯温热,3
服务店,3
总体不错,3
位置东大街,3
铁热,3
年会券,3
水果系列,3
服务不错,3
想尝试,3
环境环境,3
制作饮品,3
口感清爽,3
上层提拉,3
甜度刚刚好,3
看着舒服,3
位置晶,3
上层奶,3
咖啡价格,3
已经种草,2
感动暖心,2
茶熔岩,2
每次太古,2
说生意,2
觉得喝,2
更多外卖,2
方面做,2
多多尝试,2
先说,2
独立咖啡店,2
真的爱,2
街站,2
打卡网,2
茶下面,2
吃起来,2
整体店面,2
咖啡更多,2
黑糖味,2
可能咖啡,2
说冰淇淋,2
很久店,2
饮品口味,2
喜欢熔岩,2
价格话,2
部分冰淇淋,2
咖啡坐在,2
位置很大,2
服务朋友,2
喝发现,2
推文,2
东门大桥,2
希望能够,2
米苏甜,2
里面黑糖,2
脏奶茶,2
疫暖,2
冰挺,2
群里,2
态度特别,2
杯莫吉,2
味道正,2
朗姆,2
暖咖啡,2
成都咖啡,2
觉得星,2
个人口味,2
咖啡之前,2
菠萝酸奶,2
茶太,2
喜欢会,2
会送,2
推荐黑啤,2
蛮清爽,2
口味不错,2
找不到,2
喝果茶,2
话杯,2
性价比不错,2
少冰糖,2
介绍饮品,2
每隔一段时间,2
值得试,2
刚好附近,2
冰淇淋更,2
吃冰淇淋,2
买喝,2
外卖点过,2
每次春熙路,2
不同风味,2
参加活动,2
加椰子,2
会推出,2
不算贵,2
希望火,2
感谢医务人员,2
菡姐姐,2
公司附近,2
机会成都,2
医护人员送,2
老板推荐,2
说还行,2
之前没有,2
泰式奶茶,2
特权终于,2
一直推荐,2
蛮好吃,2
再加酒,2
带酒,2
喝到下面,2
原味牛角,2
店员会,2
没啥毛病,2
略甜,2
可能口味,2
小伙伴喝,2
喜欢口感,2
喜好推荐,2
挺火,2
铁不愧,2
一直听,2
冰淇淋味道,2
店面清新,2
满足不同,2
卡咖啡店,2
位置有限,2
米苏惊艳,2
不要奶,2
影响口感,2
会介绍,2
店里位置,2
其实服务员,2
分层明显,2
店面积,2
体验感,2
清新风格,2
不大店,2
装修简单,2
真的特别,2
喝觉得,2
铁味道非常,2
口感说,2
觉得没什么,2
没有办法,2
成都鸳鸯,2
喝口感,2
网上评价,2
里面应该,2
喝不来,2
服务员没有,2
口感绵密,2
确实没有,2
咖啡店,2
加上奶,2
搅拌一起,2
熔岩部分,2
盖腻,2
奶茶喝,2
好喝建议,2
喜欢糖,2
太暖,2
一家饮品,2
开一家,2
姆酒,2
熔岩水果,2
菠萝果肉,2
果饮,2
过来买了,2
后面会,2
镇店,2
整体味道,2
黑巧,2
巧味,2
转角遇到,2
不起眼小店,2
味道没有,2
感觉比较,2
排队吃火锅,2
靠窗吧台,2
铁朋友,2
牛奶咖啡,2
咖啡感觉,2
盖系列,2
吃蛋糕,2
口感真的,2
焦香味,2
饮品饮用,2
要来尝尝,2
春熙路买,2
喜甜,2
团购套餐,2
甩网,2
颂味道,2
加点糖,2
咖啡非常,2
吃喝不愁,2
现做,2
一直没有,2
喝喝咖啡,2
没毛病,2
位置贤,2
咖啡爱好者,2
再搭配,2
更像是,2
不了咖啡,2
店里环境,2
店面不算,2
圆挺,2
服务其实,2
说体验,2
觉得会,2
自制提拉,2
会影响,2
很久之前,2
紫薯泥,2
极简,2
米苏味道,2
开店,2
适合店里,2
姐姐服务态度,2
咖啡口味,2
更棒,2
推荐招牌,2
进去发现,2
比较好喝,2
带我去喝,2
混合喝,2
会推荐,2
觉得不错,2
问店员,2
饮料比较,2
拿到饮料,2
收银小姐,2
脏加,2
喝上脸,2
白朗姆,2
还算不错,2
茶南非,2
听说开,2
杯好看,2
年会伴手礼,2
铁奶,2
巧咖啡,2
逛累,2
名字比较,2
糖生,2
喝惯,2
香咖啡,2
咖啡招牌,2
爱太,2
口感更好,2
店员热情,2
店面风格,2
冰口感,2
下层咖啡,2
热情熔岩,2
选百利,2
温馨小店,2
印象深刻,2
一直觉得,2
味明显,2
铁生,2
看着来来往往,2
包装很好,2
咖啡没有,2
挺好看,2
尝试之后,2
里面咖啡,2
喝没有,2
撒漏,2
有点小贵,2
说熔岩,2
没有撒,2
过去喝,2
觉得太,2
坐在窗边,2
最爱熔岩,2
混合咖啡,2
口感很棒,2
没有做,2
冰咖啡,2
不会再,2
喜欢吃,2
非常温馨,2
料足,2
饮品券,2
加酒,2
喜欢喜欢,2
喝两口,2
酵素燕麦,2
没想到喝,2
甜味道,2
饮品比较,2
新品百利,2
味道很淡,2
挺特别,2
简约装修,2
说菜,2
写咖啡,2
有点失望,2
出太阳,2
味浓,2
桃胶里面,2
店里外卖,2
特别好喝,2
黑枸杞,2
店更,2
喝不出,2
显得有点,2
环境非常,2
觉得咖啡,2
喝热饮,2
店没有,2
个人更喜欢,2
错过熔岩,2
更喜欢熔岩,2
点评团,2
咖啡店位置,2
味很淡,2
大众团购,2
咖啡店不错,2
味道清爽,2
摇匀喝,2
喝咖啡店,2
加入牛奶,2
简直太,2
不出咖啡,2
带酒精,2
吃火锅,2
蛮特别,2
咖啡推荐,2
里面挺,2
忘了名字,2
铁和杯,2
朗姆酒味道,2
星巴克便宜,2
喜欢芝士,2
服务话,2
非常推荐,2
热非常,2
杯尝尝,2
路过咖啡店,2
喝到熔岩,2
制作速度,2
一直没来,2
黑咖,2
导航找,2
速度蛮,2
店感觉,2
店里买,2
全家隔壁,2
价格熔岩,2
真的非常,2
没加,2
希望店员,2
茶茶,2
莱姆冻,2
香草铁,2
咖啡环境,2
以前喝过,2
冷热,2
喜欢一家,2
熔岩茶,2
环境挺不错,2
比较重,2
味道好喝,2
座位比较,2
推荐脏,2
门面很小,2
店员细心,2
想卡,2
熔岩抹茶,2
会店里,2
种类丰富,2
买券,2
铁抹茶,2
有一点甜,2
白色主调,2
地理位置很好,2
性价比真的,2
地方很好,2
想找,2
纠结选,2
铁口味,2
冰美式,2
圆铁,2
知道口感,2
打卡一家,2
朋友熔岩,2
茶饮店,2
口感层次,2
介绍说,2
前看到,2
喝法,2
可能天气,2
炒鸡,2
算是喝过,2
杯茶,2
很久咖啡店,2
坐着喝,2
尝试咖啡,2
感觉外卖,2
饮品口感,2
完全不会,2
忙不亦乐乎,2
咖啡味儿,2
再买杯,2
影响饮品,2
特权之前,2
精致店面,2
机会再,2
几乎喝,2
鲜草莓,2
外卖店,2
美式杯,2
店员杯,2
没有酒精,2
成都玩,2
巧克力味道,2
脏巧克力,2
比较腻,2
咖啡里,2
最喜欢熔岩,2
之前种草,2
门面不大,2
杯奶茶,2
奶茶咖啡,2
不要错过,2
几乎每次,2
位置春熙路,2
饮品制作,2
细心帮忙,2
送杯,2
里渔,2
逛街累,2
首页推荐,2
做挺好,2
地方喝,2
爱爱,2
年会发,2
咖啡每次,2
杯手,2
店家用心,2
比较小巧,2
特别高,2
喝不了,2
上面奶油,2
小巧精致,2
会甜,2
团券,2
店员哥哥,2
品种蛮,2
吃烤肉,2
下面桃胶,2
过来兑换,2
想喝点,2
杯带,2
感觉应该,2
想起来,2
后面品尝,2
下来慢慢,2
黑糖奶,2
外卖咖啡,2
喝有一点,2
喝过咖啡,2
发券,2
中融合,2
桃胶口感,2
一家店面,2
个位子,2
清爽感觉,2
熔岩铁来,2
解腻,2
一线医务人员,2
十分钟,2
喜欢酸奶,2
面上提拉,2
卫生做,2
超好喝,2
牛角面包,2
耳咖啡,2
总是会,2
马上喝,2
口感醇厚,2
姐姐服务,2
没有失望,2
非常浓郁,2
入口瞬间,2
米苏口味,2
茶味比较,2
姐姐温柔,2
焦糖铁,2
装修不错,2
比较中规中矩,2
刚合适,2
美式咖啡,2
甜度刚,2
刚好路过,2
比热好喝,2
喜欢店,2
门口招牌,2
相当高,2
堡酒店,2
巧克力咖啡,2
样子看着,2
想试一下,2
冰比热,2
新开,2
茶杯,2
不会显得,2
味道喜欢,2
味很香,2
面积很小,2
靠墙长条,2
看到开,2
会尝试,2
名字蛮,2
电影日历,2
店铺里面,2
特色饮品,2
吃完火锅,2
整体感觉,2
挺高,2
豆瓣电影,2
直接饮用,2
姐姐推荐,2
朋友买了,2
感觉老板,2
盖苏打水,2
外卖超,2
细腻丝,2
涩口,2
饮品特色,2
看到一家,2
想吃,2
没有甜,2
起来舒服,2
试试口味,2
刚好碰到,2
杯脏,2
店员服务,2
咖啡一直,2
看到想,2
赞咖啡,2
胃不好,2
不敢喝,2
街角咖啡店,2
比较香,2
不算太,2
真的惊艳,2
系列真的,2
爱咖啡,2
美式奶,2
应该不错,2
适合杯,2
觉得惊艳,2
再尝尝,2
主打熔岩,2
搭配起来,2
喝过饮品,2
招牌冰淇淋,2
店太古,2
终于拔草,2
位置比较,2
打包走,2
没有踩,2
装修风,2
值得试试,2
推荐店,2
店产品,2
嚼劲,2
咖啡咖啡因,2
咖啡其实,2
上面撒,2
休息位置,2
以前朋友,2
味道融合,2
铁最爱,2
特调,2
服务之前,2
圆糯,2
忠实粉丝,2
评价不错,2
口感觉,2
喝黑糖,2
巧克力粉超,2
牛奶黑糖,2
朋友一起,2
过来拔草,2
超甜,2
特别惊艳,2
品质很高,2
服务哥哥,2
非常好找,2
糯糯,2
试一下咖啡,2
想来杯,2
香浓郁,2
非常清爽,2
微甜,2
过来喝,2
口感非常,2
饮品黑糖,2
简约风格,2
姐姐很好,2
朋友坐在,2
没喝到,2
感谢点评,2
喜欢美式,2
感觉上面,2
经常喝,2
值得刷,2
火锅隔壁,2
风格喜欢,2
吃完午饭,2
奶味浓,2
吃完烤肉,2
苦咖啡,2
个人喜欢,2
希望店家,2
完美融合,2
选择饮品,2
舒适环境,2
口感丝,2
喝芒果,2
首页经常,2
咖啡完美,2
用心做,2
盖喝,2
脏熔岩,2
里找,2
杯百利,2
喝热,2
吃芋,2
很小店,2
不错一家,2
咖啡颜值,2
特权感谢,2
过来喝一杯,2
美容养颜,2
一家很小,2
圆草莓,2
感谢大众,2
坐不了,2
试试水果,2
里商圈,2
杯打包,2
里面位置,2
咖啡提拉,2
觉得略,2
奶喝,2
豆瓣出,2
不错口感,2
适合拍照,2
外面街景,2
茶选,2
外卖员外卖,2
杯白,2
没喝完,2
脏想念,2
拿到咖啡,2
含咖啡,2
覆盆子酸奶,2
兑换饮品,2
下层铁,2
酸奶颂,2
铁浓缩,2
拍照好看,2
喝喝,2
没有太,2
喝以后,2
店员亲切,2
苦甜,2
小伙伴说,2
热没,2
看到新品,2
苦中,2
整体不错,2
水果饮品,2
建议店,2
铁咖啡,2
以前喝,2
带甜,2
口真的,2
里面座位,2
经常看到,2
搅搅,2
注意招牌,2
铁偏,2
太惊艳,2
可能加,2
牛奶比例,2
早已经,2
口爱上,2
口感细腻,2
甜饮品,2
咖啡液,2
芝士奶,2
海盗清,2
个人认为,2
里面配料,2
铁上层,2
桃胶枸杞,2
有点奇怪,2
清椰,2
鲜奶咖啡,2
北欧风,2
方便携带,2
介绍店,2
好喝饮品,2
喜欢带,2
冰熔岩,2
说味道,2
里面桃胶,2
香味浓郁,2
口感刚刚好,2
路过小店,2
惊艳口感,2
期望越大,2
醇厚奶,2
豆子口感,2
圆桃胶,2
咖啡喜欢,2
黑糖咖啡,2
开火锅店,2
了无糖,2
配上提,2
再尝试,2
喝有点,2
系列创意,2
团购优惠,2
再来喝,2
口味很淡,2
没忍住,2
真的绝,2
本来准备,2
东西不错,2
喝冷,2
比较高,2
小众咖啡店,2
喜欢口味,2
朋友觉得,2
店朋友,2
喝甜,2
层次丰富,2
人气旺,2
味道淡,2
之前担心,2
铁提拉,2
发现一家,2
包坚果,2
盖好喝,2
盖茶,2
推荐黑糖,2
推开门,2
担心会,2
环境晶,2
终于打卡,2
黑咖啡,2
店内有,2
口喝下去,2
饮品中,2
刚成都,2
过程中,2
是不是喝,2
推新品,2
看起来有点,2
适合喝,2
高乐高,2
丝奶,2
咖啡巧克力,2
真的太小,2
布局好看,2
写点评,2
茉莉花茶咖啡,2
喝欲望,2
店清新,2
喝之后,2
熔岩摩卡,2
米苏会,2
再买,2
外加包,2
糖桃胶,2
下面铁,2
不会觉得,2
红咖啡,2
酸奶太,2
太阳喝,1
重新装修,1
评价喝,1
地方比较,1
环境喜欢,1
太酸,1
朋友赠送,1
选择做,1
牛奶里面,1
刚吃完,1
本来想买,1
硬太,1
喝品种,1
没去尝试,1
太硬,1
酸奶刚,1
实在评价,1
喜欢上面,1
撑想,1
系列热饮,1
春熙路商圈,1
喜欢选择,1
垂涎酸奶,1
相当垂涎,1
想买喜,1
店格局,1
永远都是繁忙,1
日历喜欢,1
品质真是,1
喝中药,1
塑料口味,1
东大街义学,1
火锅撑,1
茶感觉,1
接受清新,1
义学巷,1
怎么说塑料,1
酸奶清淡,1
喝点酸奶,1
桌子豆瓣,1
淡奶油加,1
酸奶熔岩,1
上面淡奶油,1
满分奇异果,1
铁又很香,1
铁也接受,1
苦铁也,1
巷拐角,1
饮打卡,1
方法热心,1
有点减分,1
中规中矩不错,1
适合季节,1
拐角地方,1
年会餐饮,1
清新凉快,1
窗边占,1
创意东西,1
喜欢饮品,1
新品图,1
晓得年纪,1
猕猴桃太,1
可惜新品,1
喝肯定,1
新品冷,1
整体甜,1
牛奶巧克力,1
做好喝,1
没办法,1
说超,1
接受无能,1
繁忙状态,1
基本没,1
清爽坐,1
不错滴,1
口味咖啡,1
时间基本,1
粉丝携带,1
杯牛奶,1
创新型饮品,1
铁怎么说,1
美式喝,1
清新风,1
店里创新型,1
开在春熙路,1
酸有点,1
摆摆龙门阵,1
一段时间会,1
毛毛雨有点冷,1
果蔬用料,1
环境加,1
味道很浓,1
新品几轮,1
果冻新品,1
喝口说,1
已经重新,1
没有变化,1
哆哆跑,1
赶紧哆哆,1
巴适再来,1
铁搭配,1
用料品质,1
活泼跳脱,1
不够香浓,1
跳脱香气,1
甚合,1
奶昔芒果,1
合意,1
啤酒铁,1
全旁边,1
风格简约,1
星巴克啤酒,1
起来绵密,1
香水柠檬,1
口说好喝,1
喝一杯坐,1
果冻丰富,1
建议询问,1
丰富口感,1
味道想象,1
绿茶配,1
喝欺,1
欺头,1
喝得出,1
得出柠檬,1
增添气味,1
杯香水,1
无味闺蜜,1
真是很好,1
回来喝,1
跑回来,1
柠檬活泼,1
格局没有,1
中清爽,1
询问喜欢,1
绿茶增添,1
平台买了,1
窗户看到,1
柠檬绿茶,1
配果冻,1
风格变化,1
巧克力没,1
味儿星巴克,1
芒果奶昔,1
吃龙虾,1
打卡一直,1
不同新品,1
新品爱,1
太过于,1
丰富每隔,1
错过转角,1
提升整体,1
现切,1
已经熔岩,1
特色提升,1
总体风格,1
再来喝牛奶,1
简约明亮,1
精致饮品,1
终于喝,1
喝脏,1
摆龙门阵店面,1
消遣时间,1
打算杯,1
好喝熔岩,1
铁都很不错,1
熔岩铁都很,1
朋友喝一杯,1
喝牛奶系列,1
水套餐,1
结合有时候,1
芒果现,1
盖结合,1
进店完美,1
选择黑啤,1
下层微,1
顺便打卡,1
龙虾顺便,1
饮已经,1
饮品店面,1
小店装修,1
喝到啤酒,1
会专门,1
饮料消遣,1
推出不同,1
介绍饮用,1
口感搭,1
指定招牌,1
有时候会,1
肯定巴适,1
上层特色,1
专门朋友,1
芒果味道,1
喝搅拌,1
变化不大,1
完美错过,1
啤酒味儿,1
任意兑换,1
慢慢接受,1
脏外卖,1
适合坐,1
舒服姐姐,1
咖啡冰,1
冰得更好喝,1
应该冰得更,1
口感化掉,1
层次口感,1
味道略,1
冰脏,1
成都太冷,1
基本上层次,1
茶冰,1
升温喝,1
热基本上,1
面好看,1
貌似红,1
单品黑糖,1
糖软件,1
女孩子喝,1
耐心讲,1
休息场景,1
拦截下来,1
喜欢精品,1
喜欢看着,1
很难受,1
略淡,1
问老板,1
会很难,1
增强体力,1
口会,1
店霸王,1
咖啡貌似,1
姐姐耐心,1
咖啡挂壁,1
里面软,1
美味熔岩,1
冷饮系,1
店隔三差五,1
袋坚果,1
隔三差五买,1
觉得冷饮,1
饮料加油站,1
进来很香,1
杯太古,1
系饮品,1
博士无关,1
糖细管,1
茶博士,1
溢出香蕉,1
补充能量,1
系熔岩,1
摇晃饮用,1
内有咖啡,1
女生姨妈,1
好看进来,1
挂壁黑糖,1
圆均可,1
黑糖杯,1
姨妈不要,1
糯桃胶,1
打卡姐姐,1
忘带袋,1
加油站甜水,1
里桃胶,1
熔岩口感,1
不忘忘带,1
甜水水,1
养颜单品,1
缺口,1
优惠杯,1
硕吃,1
购买优惠,1
告诉女生,1
茶里,1
平台团,1
好朋友说,1
套餐里,1
里固定,1
铁融合度,1
固定杯,1
臻悦,1
更美味,1
层冰铁,1
融汇过节,1
隆堡,1
悦隆,1
软件购买,1
店员提醒,1
木走到,1
小坚果黑糖,1
一家喝,1
以后选择,1
环境属于,1
会议选择,1
人份带好,1
团人份,1
带好朋友,1
刚开始挂,1
提醒黑糖,1
没有睡不着,1
黑糖搅匀,1
茶好朋友,1
咖啡刚开始,1
晚店,1
对面店面,1
堡对面,1
完美分层,1
吃豆腐脑,1
海盐系列,1
熔岩咖,1
必须黑卡,1
果断进店,1
本来硕,1
熔岩系,1
星巴克拦截,1
耐心解答,1
大爷窗台,1
窗台休息,1
窗外大爷,1
走到星巴克,1
香蕉铁,1
看着窗外,1
悄悄告诉,1
想到海盐,1
豆腐脑星巴克,1
黑卡缺,1
精品小店,1
解答问题,1
问题饮品,1
苦更好,1
门口面,1
铁完美,1
特别甜,1
新奇特别,1
推荐新奇,1
讲买了,1
作用味道,1
小哥服务,1
饮品热门,1
桃胶喜欢,1
单独加料,1
不能停,1
火锅店饮料,1
吃塑料,1
口发现,1
觉得吃,1
小姨袁老四,1
感觉不划算,1
袁老四吃火锅,1
真的熔岩,1
海报打着,1
小姨出去,1
长得差不多,1
看着长得,1
好像咖啡,1
吃火锅喝,1
沙帽,1
糖应该,1
打包走人,1
嘴巴流入,1
喜欢珍珠,1
塑料芋,1
街站台,1
选甜度,1
糯特别,1
有点苦苦,1
满印章,1
帽街,1
收集印章,1
糕点大众,1
不会层次感,1
发现甜度,1
外卖不能,1
特别好吃,1
流入胃,1
打着招牌,1
喝火锅店,1
拥有杯,1
比较浓,1
闺蜜外卖,1
并存纠结,1
最终满足感,1
下午茶不能,1
口味换,1
换口味,1
没创意,1
鲍师傅糕点,1
换心情,1
推荐试,1
品牌换,1
东西喝,1
不到换,1
换品牌,1
旁边鲍师傅,1
好喝店家,1
有点贵,1
缓缓嘴巴,1
比较解,1
出去买了,1
不想喝,1
更多推荐,1
满足感罪恶感,1
打败罪恶感,1
印章卡片,1
熔岩缓缓,1
罪恶感并存,1
印章任意,1
奶茶续命,1
糯口感,1
满足感打败,1
外卖下午茶,1
站台背后,1
还好不能,1
店铺位置,1
并不淡,1
甜味并不,1
全塘熔岩,1
感觉棒棒,1
觉得甜味,1
休息桌椅,1
烤肉再来,1
爱甜,1
很棒打卡,1
贴心提醒,1
挺丰富,1
最喜欢喝,1
办公室隔壁,1
专门休息,1
芒果新鲜,1
味道吸起来,1
店员贴心,1
不能选,1
店里产品种类,1
值得拥有,1
桃胶女孩子,1
养生系,1
细管搅匀,1
很香咖啡豆,1
产品种类挺,1
路边店面,1
等候板凳,1
面并不大,1
通便作用,1
奶茶果茶,1
润肠通便,1
提醒摇匀,1
更多营业时间,1
没有专门,1
基本上有空,1
店里依然,1
依然生意,1
觉得真的,1
胃里,1
金融街上,1
餐饮街,1
买了美女,1
店家会,1
选择冰,1
最最最喜欢,1
美女喜欢,1
已经变为,1
安排海报,1
店网,1
店金融,1
果断安排,1
路过试,1
店面休息,1
不大店面,1
券买了,1
蛮好营养,1
热不会,1
加辅料,1
会收集,1
口感挺好,1
当红餐饮,1
变为当红,1
辅料蛮好,1
必须选择,1
晚店里,1
建议选择,1
选择建议,1
有空喝一杯,1
比较新意,1
感传递,1
比较简约,1
咖啡姐姐,1
适合爱喝,1
好好搅,1
店家姐姐,1
风格好感,1
挺浓,1
个人经常,1
看起来干净,1
走人水蜜桃,1
已经忘记,1
味挺,1
整体看起来,1
味道不会,1
觉得蛮,1
拍拍图,1
主打脏,1
爱喝苦,1
简单店面,1
起来夏日特,1
比较丝,1
无法同步,1
吃味道,1
水里面,1
相信吃,1
建议正常,1
送小饼干,1
夏日特饮,1
小店晶,1
好看最好,1
装修漂亮,1
漂亮店,1
应该黑糖,1
对面小店,1
服务店家,1
忘记味道,1
切片柔和,1
水蜜桃茶包,1
风大天凉,1
香消玉殒令人,1
好喝口味,1
黛玉香消玉殒,1
无所作为不对,1
齿颊留香,1
黑糖混合,1
母后参与,1
清香和暖,1
说说私房话,1
觉得黑糖,1
比较热情,1
错不对,1
茶包玫瑰,1
清楚以暴制暴,1
坐着拍拍,1
介绍主打,1
以暴制暴错误,1
环境白色,1
下面应该,1
感觉卫生,1
要求仔细,1
询问要求,1
卫生服务,1
和暖水果茶,1
好喝杯,1
不会突兀,1
妈蜜人手,1
戴维琪清楚,1
反正奇怪,1
教师戴维琪,1
昨天下午母后,1
饮品小店,1
顾名思义金汤,1
金酒味道,1
时间火,1
店创意,1
觉得颜色,1
喜欢追求,1
柔和感,1
新品,1
图片觉得,1
附近开,1
口味接受,1
新新,1
发现新,1
酒精减弱,1
加入柠檬汁,1
极力推荐熔岩,1
甜习惯,1
秒杀时间,1
属于好像,1
正常冰,1
一家分店,1
饮品深入,1
简风,1
减弱饮料,1
新鲜创意,1
喝忘了,1
全都加,1
最后面上,1
倒是酒精,1
厨房操作,1
追求新鲜,1
态度亲切,1
料丰富,1
求证实,1
清爽感,1
更带劲,1
饮一贯,1
路过一家,1
名字寡淡,1
怕失眠,1
朋友想来,1
同步只好,1
过来一定会,1
失眠无法,1
一定会选,1
正常糖,1
喝到略有不同,1
选西红柿,1
无处落脚,1
逛犄角,1
浅分层,1
只好选,1
冰正常,1
好奇口味,1
纯番茄,1
一贯清爽,1
主打外卖,1
口味尝,1
小坐比较,1
尝脏,1
糖缘故,1
碾碎加入,1
追求好喝,1
枝纯,1
分层好看,1
饮料柔和,1
加入气泡,1
首富枝,1
选择少冰,1
茶喝到,1
名曰闺蜜,1
茶名曰,1
位置适合,1
外卖不停,1
用心一家,1
推荐试试,1
人气样子,1
感觉有意思,1
有意思搭配,1
常温之后,1
名字好好听,1
伴随咖啡,1
毕竟凤梨,1
菠萝莱姆,1
时隔快,1
在意喝,1
隔壁环境,1
莱姆苏打水,1
双倍价格,1
朋友闺蜜,1
店里一直,1
愿意礼拜,1
隔壁隔壁,1
有点像喝,1
熔岩快,1
美式口,1
刚开始有点像,1
之后会,1
会特别,1
特别酸,1
店对得起,1
整洁味道,1
一直忙碌,1
香气完全,1
快喝完,1
嫌苦,1
尝试位置,1
愿意吃饭,1
酸奶做,1
特别新鲜,1
菠萝算是,1
包装袋喜欢,1
喝恰到好处,1
晓得喝,1
甜东西,1
每次喝,1
喝东西,1
算是最爱,1
成都出差,1
水果特别,1
出品东西,1
喜欢不要,1
不要不要,1
味醇厚,1
规价格,1
没有可能,1
比较干净,1
爱黑,1
没什么环境,1
附近杯,1
喝黑,1
确实值得,1
价格有点,1
过来成都,1
咖会,1
应该知道,1
味道出现,1
推荐推荐,1
会嫌,1
一直喝,1
学校附近,1
排名前,1
尤其熔岩,1
浆挂壁,1
礼拜杯,1
令人唏嘘,1
人手杯,1
盖竟然,1
感觉刚开始,1
咖啡竟然,1
没有熔岩,1
点映女性,1
力量发声,1
饮品介绍,1
推茶,1
玫瑰苹果,1
甜推荐,1
参与超前,1
电影影迷,1
发声电影,1
苹果切片,1
母爱伟大,1
咖啡香气,1
喝高,1
酸奶混合,1
超前点映,1
混合奇异果,1
奇异果口味,1
七五折,1
口味七五,1
影迷铭记,1
竟然配,1
材料水蜜桃,1
深感母爱,1
杯清香,1
逛街发现,1
柔和微,1
不对中,1
女性专场,1
身为教师,1
里黛玉,1
对得起双倍,1
咖啡馆偶然,1
应该拼配,1
拼配豆,1
没来原因,1
芝士美式,1
巧克力浆,1
熔岩甜,1
创造母亲,1
嗜甜,1
偶然太古,1
外带一家,1
混合熔岩,1
宝藏咖啡馆,1
竟然提拉,1
完全显现出来,1
喝过赞,1
完全不酸,1
绝对宝藏,1
吃饭要来,1
印象不太好,1
咖啡上层,1
上层似,1
介绍熔岩,1
主演里,1
铁甜,1
感觉简洁,1
新推,1
月喝过,1
味道咖啡,1
似奶,1
女性力量,1
新颖喝,1
见新颖,1
火脏,1
没想到做,1
非常一家,1
星绕道,1
品券,1
选择吃,1
以前上班,1
上班喜欢,1
喝完提神醒脑,1
版书,1
肥宅,1
奶茶茶博士,1
特别莓,1
积分再写,1
茶博士味道,1
再写糖,1
台湾背景,1
比例喝,1
咖啡完胜,1
纯茶,1
起来闷,1
先甜,1
店温柔,1
杯特,1
杯显得,1
熊有点,1
吃番茄,1
也许台湾,1
味道先,1
口味冰,1
套餐外加,1
种类非常,1
运用店,1
有点重,1
完胜奶茶,1
口感咖啡,1
深浅,1
觉得糖度,1
买了加印,1
打底纯,1
加印套餐,1
饮品甜度,1
脏百利,1
糖度少,1
喜甜味,1
味道喃,1
好友百利,1
小龙虾霸王,1
加印忠实,1
茶饮熔岩,1
一而再再而三,1
甜味好友,1
过于种草,1
饮品糖度,1
包不错,1
红小龙虾,1
店员挺好,1
询问饮品,1
光顾尝一尝,1
再来光顾,1
好友没到,1
尝一尝全,1
饮品肥,1
铁是全糖,1
打算再来,1
没到现场,1
甜铁是全,1
赶在有效期,1
显得突兀,1
木质饮品,1
芹菜比例,1
或许主打,1
东大街全,1
天气热,1
宅水,1
担心苦,1
巧克力太,1
觉得巧克力,1
餐饮品,1
确实适合,1
倒没,1
奇怪喝,1
知道老板,1
热起来,1
老板没有,1
啤感觉,1
喝出果,1
果啤,1
类似喜,1
没腻,1
首富加入,1
试过黑,1
味道说,1
颜值口味,1
饮用方法,1
口味价格,1
没有试过,1
熔岩铁都,1
铁都还好,1
脏倒,1
香气撑过去,1
可可没什么,1
柑橘香气,1
起来可可,1
后面腻,1
没什么区别,1
竟然喝出,1
传递味蕾,1
新品上市,1
甜苦,1
说莱姆,1
原木材质,1
番茄罢,1
旮旯走过,1
柠檬柠檬,1
环境亮堂,1
有点乖,1
盖星,1
材质运用,1
总体口感,1
名字好听,1
加入苦瓜,1
特饮,1
口感类似,1
总结酸奶,1
看到莱姆,1
民谣酸酸甜甜,1
咖啡馆里,1
有点抓不住,1
抓不住重点,1
想知道,1
感觉想,1
必须支持,1
赠送年会,1
玻璃窗户,1
知道酒,1
开心起飞,1
酒感,1
早晚,1
透明玻璃,1
入口竟然,1
黑糖挂壁,1
券兑换,1
黑糖感觉,1
喝得满足感,1
击中我心,1
加百利甜,1
太明显,1
听说红牌楼,1
再基础上,1
起来似乎,1
圆奥利,1
唉呀妈呀,1
好好看听说,1
店里极,1
味道太,1
开太好了,1
我家红牌楼,1
深入我心,1
似乎更,1
做出颜值,1
小哥哥,1
静心品茶,1
直接回答,1
正朋友,1
清热生津,1
香气混搭,1
遗憾说,1
路易博士,1
没太,1
于是点属于,1
发现生,1
米苏路易,1
店帅帅,1
帅帅小哥,1
约地方,1
奥利碎,1
真要开,1
基础上加入,1
红牌楼近,1
好像下线,1
吃芋泥,1
咖啡创意,1
满足少女心,1
饮料种类,1
蛋糕点缀,1
面上撒,1
碎全都,1
红牌楼附近,1
看到芋,1
撒蛋糕,1
分量足,1
直击中,1
居然泡,1
味纯,1
力咖啡,1
满足感包围,1
甜紫色,1
紫色奶油,1
要点熔岩,1
深刻杯底,1
泡芹,1
杯底居然,1
桃胶料,1
桃胶珍珠,1
比较舒服,1
紫薯芋泥,1
芋泥芋,1
芹菜根,1
颜色好好看,1
颜值爆棚,1
自愿加百利,1
使用年会,1
询问生,1
黑糖不会,1
前来兑换,1
铁想念,1
有效期前来,1
脏味道,1
觉得冰,1
热好喝,1
店员询问,1
回答甜,1
入门级饮品,1
地方碰面,1
细看直接,1
不怎么喝,1
少不怎么,1
好友共享,1
免费饮品,1
共享饮品,1
只不过店员,1
香料增添,1
终于补上,1
甜味儿,1
喜好甜,1
铁加黑糖,1
起飞黑糖,1
饮品店员,1
补上点评,1
算是入门级,1
之前尝过,1
兑换享用,1
熔岩系列产品,1
尝过店,1
挂壁颜值,1
选熔岩,1
冰铁加,1
味儿觉得,1
没细看,1
饮品正,1
增添香味,1
店静心,1
朋友微信,1
杯少,1
好友觉得,1
系列熔岩,1
微信联系,1
菜单主打,1
选择打包,1
走过不要,1
独特香料,1
使用提拉,1
好友约,1
混搭蛮,1
印象比较,1
色调店,1
系列脏,1
网年会,1
体验满意,1
太在意,1
中萌点,1
点评网,1
放独特,1
铁博士,1
好友选,1
茶教育,1
伴手礼中,1
告知杯,1
戳中,1
脏少,1
好喝喃,1
喃满足,1
饮料地方,1
喜欢欧洲,1
会星巴克,1
糖度应该,1
真的超,1
吃冰,1
先过来,1
专门先,1
一起品尝,1
没注意,1
自然乐,1
朋友没,1
之前吃,1
闺蜜喜欢,1
准备吃,1
应该更,1
很甜腻,1
乐跟着,1
绿茶青柠,1
组合太,1
更好吃,1
超清,1
太晚没,1
适合凉爽,1
可能会觉得,1
虾路过,1
清爽,1
没加糖,1
跟着一起,1
时间太晚,1
杯喝,1
冰专门,1
非常爽,1
吃霸王,1
觉得苦,1
吃完之后,1
杯真的,1
介绍豆子,1
菠萝绿茶,1
咖啡试试,1
老板介绍,1
打卡咖啡,1
呆滞表情,1
看起来特别,1
买了走,1
以后喝,1
特别吸引,1
发现里面,1
单品可能会,1
便是醇厚,1
苦味散开,1
个人感觉味道,1
咖啡确实,1
很小很小,1
听说,1
看着呆滞,1
喜欢打卡,1
偶然路过,1
介绍菠萝,1
没有很甜,1
咖挺,1
走边喝,1
散开之后,1
酒咖,1
味道酒,1
铁店招,1
适合买了,1
闺蜜看着,1
朋友招牌,1
吸引味道,1
咖啡入口,1
没什么坐,1
喝单品,1
注意纯牛奶,1
甜味菠萝,1
桃胶杯,1
纯牛奶牌子,1
浓郁黑,1
岂不痛,1
偏爱意,1
豆机,1
坐下休息,1
铁冰,1
发现磨,1
深深地爱上,1
黑糖浆,1
休息会,1
蛮好搭配,1
会发现,1
具体看图,1
咖啡才去,1
喝一杯带,1
遇到咖啡店,1
果断进去,1
质量蛮好,1
不要喝杯,1
突出不错,1
喝一家,1
意式,1
冰块作用,1
一家奶茶店,1
一秒钟想要,1
味回甜,1
冲绳级别,1
尾段浓郁,1
想要不要,1
驻足观看会,1
搭配鲜,1
式浓缩,1
磨豆,1
本来自带,1
自带酒,1
鲜牛乳,1
下面铁味道,1
爱上马斯卡彭,1
特别挺,1
完全喝,1
最后发现,1
杯马斯彭卡,1
上层分之一,1
分之一提拉,1
释放出可能性,1
加点糖度,1
喝下去非常,1
豆子香味扑鼻,1
咖啡现磨,1
加糖甜味,1
依然最爱,1
现磨咖啡豆,1
马斯卡彭芝士,1
酒够味,1
马斯彭卡岂不,1
咖啡豆看得出,1
店面好找,1
窗卡座,1
菜单简洁,1
喝酒味,1
不怎么喝酒,1
不算踩,1
最大口感,1
泡水感觉,1
口感气,1
味道不算,1
咖啡座位,1
建议再加,1
酒咖啡,1
说想,1
一家饮料店,1
靠谱品味,1
喝还好,1
牛奶混合,1
食体验,1
食位置,1
脏杯,1
白糖相比,1
带妹妹,1
感很好,1
咖啡图,1
位置更好,1
妹妹说,1
简直有毒,1
加一点冰,1
可能加一点,1
甜咖啡倒是,1
百利甜咖啡,1
妹妹卡,1
应该快餐,1
入坑,1
坑连续,1
不算醇香,1
迷路店面,1
耐心解释,1
大众看见,1
总得体验,1
知道店家,1
里面甜品,1
套餐里面,1
脏真的,1
线总得,1
茶妹妹,1
走迷路,1
导航走,1
甜品没有,1
铺面起眼,1
试试划算,1
体验精髓,1
吧台只能,1
都汇华庭,1
喝店员,1
住在旁边,1
原料喝,1
耐心出品,1
走路过,1
脏据说,1
可怕可怕,1
选择带走,1
据说招牌,1
杯让给,1
一家不错,1
经常走,1
有点赶时间,1
旁边都汇,1
挺醇正,1
门外挂,1
据说月,1
倒是不错,1
挂标,1
冰可能会,1
划算活动,1
标吸引,1
活动饮品,1
可能会更好,1
店家是不是,1
没有体验,1
月做,1
知道火,1
华庭经常,1
味道挺不错,1
店员服务态度,1
加料饮品,1
醇香熔岩,1
颜值线,1
两口觉得,1
饮料中,1
还嘴硬说,1
硬说喜欢,1
砸招牌,1
真心砸,1
不能加糖,1
糖话,1
会拿到,1
无力吐槽,1
货糖,1
话味道,1
糖装,1
知道买,1
装逼,1
服务没有,1
里根,1
朋友带,1
东大街一家,1
小杆香茅,1
绿色小杆,1
绿色长杆,1
确实好喝,1
长杆样,1
岩溶咖啡,1
样东西,1
没有问题,1
极不起眼,1
杯子里,1
根绿色,1
发现杯子,1
看到饮料,1
后面发现,1
喝糖,1
感觉不会,1
还行服务,1
于太古里,1
服务年轻,1
坐服务,1
更友好,1
街一家,1
特点感觉,1
自然女生,1
感还行,1
适合环境,1
服务服务态度,1
会白糖,1
加袋,1
服务态度还行,1
没有雷区,1
环境于太古,1
羡慕嫉妒,1
定位应该,1
逼表现,1
女生更,1
再次证明,1
喝走,1
证明问题,1
最重要味道,1
袋子喜欢,1
很高滴,1
茶没有,1
座位坐,1
尝尝海岛,1
看着清爽,1
做样子,1
风格脏,1
带过来,1
托看着,1
下雨想,1
非常香味,1
姐姐聊天,1
一目了然看见,1
铁觉得,1
没有咖啡,1
觉得没有,1
很浓很香,1
进去很浓,1
很香咖啡,1
脏奶,1
路过忍不住,1
奶咖啡,1
盖搭,1
好像里面,1
姐姐喝,1
渣子比较,1
姐姐一起,1
整体比较,1
忍不住进来,1
铁推荐,1
进来不行,1
应该都会,1
发现脏,1
朋友超,1
店卖,1
女生应该,1
都会喜欢,1
喜欢准备,1
一直店,1
原料不错,1
喜欢脏,1
浓郁泰式,1
粉弄,1
奶茶味,1
盖粉,1
店家经常,1
坐在吹,1
挺凉快,1
想来试试,1
杯太,1
可能要求,1
挺普通,1
几乎没有,1
要求太多,1
觉得挺,1
非常小心,1
里过来,1
配咖啡,1
倒是挺不错,1
工作台坐,1
喜好口感,1
太适应,1
真的菜,1
口感倒是,1
中的感觉,1
口感黏糊糊,1
出门有种,1
老想吐口水,1
迷醉闹市,1
小伙伴试试,1
试试小伙伴,1
特权糖,1
吹空调,1
闹市中的,1
试试味道,1
咖啡慢慢,1
有种迷醉,1
新品优惠活动,1
坚果配,1
空调挺,1
喝完老想,1
喝莫吉,1
经常推出,1
终于走进,1
很早前,1
不好坐,1
名字适合,1
味朋友,1
铁空间,1
倒是喜欢,1
适合天气,1
口味确实,1
晚餐时间,1
口味道,1
空间比较,1
附近电影,1
很大折扣,1
不了辣,1
不会很挤,1
吃不了,1
怕睡,1
比较极限,1
拉到奶茶店,1
喝百利,1
朋友莫吉托,1
莫吉托奇异果,1
清爽凤梨,1
凤梨味,1
戳想来,1
百利铁,1
天气太热,1
咖啡怕,1
欧洲喝,1
睡戳,1
喝清爽,1
想来喝,1
太热想,1
接近晚餐,1
奶茶店真的,1
朋友拉到,1
酸奶特别,1
吃非常,1
华中惬意,1
太幸福,1
窗外修路,1
真的生活,1
算是小憩,1
特别特别,1
味道无功,1
美好刚,1
繁华中,1
无功之前,1
非常适合喝,1
确实很棒,1
外卖看到,1
走进杯,1
小憩地方,1
堂吃,1
爱吃甜食,1
魔都吃,1
福音草莓,1
甜食简直,1
打卡陪伴,1
简直福音,1
打包堂,1
酸奶闺蜜,1
咖啡样子,1
一定会喜欢,1
生活魔都,1
成都打卡,1
再打卡,1
闺蜜推荐,1
朋友草莓,1
简直不要,1
好处一目了然,1
店面偏,1
口感喝,1
口不错,1
再来尝试,1
专业做,1
长时间,1
时间没有,1
个人观点写,1
感觉到幸福,1
信心再来,1
再来试,1
吃完饭专门,1
不敢说,1
好像很熟,1
希望做得好,1
融汇吃完饭,1
店员好像,1
不懂不敢,1
开准备,1
准备开,1
回家喝,1
杯走,1
喝完美,1
萝卜青菜各有所爱,1
希望早日,1
最后剩下,1
杯回家,1
喝重庆,1
菜许下,1
各有所爱点评,1
点评个人观点,1
来点会,1
茶出,1
出咖啡,1
喝专业,1
好好做,1
推荐菜单,1
打开点评,1
有点慢,1
未见老朋友,1
会客人,1
下楼喝杯,1
干脆直接,1
想下楼,1
达到冲绳,1
说带我去,1
好找服务,1
已经深深地,1
坚果香味,1
碰到未见,1
聊天口感,1
茶依然,1
香味突出,1
级别黑,1
之前听,1
刚办事,1
试推荐,1
看来已经,1
每次打开,1
杯十分,1
专门过来,1
没有信心,1
知道没,1
写非常,1
客人喜好,1
热情很好,1
挺弹,1
机会试试,1
完全达到,1
竟然接受,1
直接杯,1
接受脏,1
东北门,1
做奶茶,1
剩下奶,1
写好评,1
会个人,1
公交站附近,1
完毕提袋,1
提袋继续,1
甚是喜欢,1
站公交站,1
先验券,1
好评写,1
赠小袋,1
店先验,1
坐等饮品,1
不错后面,1
巧克力感觉,1
小袋坚果,1
进行相,1
店整体,1
打包完毕,1
个人喜好,1
饮品有点,1
太多口,1
后面喝,1
贴心热情,1
红饮品,1
相对应,1
白真的,1
口感进行,1
喝一次性,1
看见操作,1
对应推荐,1
均价买,1
觉得均价,1
热巧克力,1
店员打包,1
小心杯,1
看来真爱,1
拉花可能,1
咖啡香不酸,1
要来打包,1
绵密厚实,1
早日临幸,1
过分甜腻,1
临幸东北,1
有一点腻,1
下雨要来,1
熔岩奶,1
种草喝,1
咖啡想起,1
奶茶好好,1
许下来点,1
重庆打包,1
适应太忙,1
打包杯,1
非常忐忑,1
布置简单,1
正太古,1
一次性杯,1
味咖啡,1
饮品快,1
比较窄,1
店较小,1
店布置,1
店人员,1
继续行程,1
咖啡不懂,1
忐忑写,1
太忙几乎,1
没有拉花,1
人员制作,1
赶时间催,1
地狱形容,1
选择咖啡,1
咖啡用心,1
饮料给出,1
粘稠酸奶,1
酸奶质感,1
悠闲放松,1
太粘稠,1
一起悠闲,1
放松慢慢,1
酸奶喜欢,1
小伙伴附近,1
附近小伙伴,1
选择饮料,1
刚吃,1
住在附近,1
建议住在,1
车站车,1
坐在店,1
店角落里,1
饮料发发呆,1
店取,1
老板娘态度,1
频繁回头,1
感受到咖啡,1
相当棒,1
返店,1
态度爆,1
购买说明,1
酸酸甜甜饮料,1
店购买,1
个人建议,1
喝酸酸甜甜,1
角落里喝,1
黄金窗边,1
给出建议,1
不错服务,1
附近工作,1
更喜欢咖啡,1
说试一试,1
姐姐没有,1
店铺比较,1
品味咖啡,1
比较慢以外,1
海街日记,1
系统比较慢,1
没菜单,1
走进真的,1
日历豆瓣,1
豆子味道,1
太好看,1
收银系统,1
路过上班,1
菜单看到,1
做出超,1
味空气,1
味道满意,1
带着醇厚,1
连续刷,1
吸大口,1
大口带着,1
磨磨蹭蹭挑,1
咖啡香吸引,1
烤肉解,1
想脏,1
太绝,1
狠狠吸,1
挑姐姐,1
真的狠狠,1
绝配,1
超好看,1
没有不耐烦,1
回头返,1
用心热爱,1
绝对地狱,1
耽误时间太长,1
以后戒,1
口味讲,1
真的好吃,1
很久写,1
连续喝,1
盖真的,1
路过不会,1
带小伙伴,1
不会放过,1
味道个人,1
讲推荐,1
充满能量,1
名字记不住,1
没想到吃饱喝足,1
喝龙门,1
时隔很久,1
太养身,1
凉茶味道,1
戒不了,1
口感更胜一筹,1
混合一起,1
还好没人,1
后会讲,1
对面没试,1
没人位置服务,1
试后会,1
赞熔岩,1
送小坚果,1
味道还好,1
味还好,1
位置服务挺不错,1
可可味,1
味道规规矩矩,1
试试黑糖,1
喝点清爽,1
茶脏,1
有着不同,1
龙门阵,1
漂亮颜色,1
做用心,1
东西真的,1
棒养生茶,1
少心,1
真的一直,1
风味故事,1
做心,1
一直做,1
外卖耽误时间,1
手第一时间,1
念念不忘嘞,1
第一时间马上,1
估计太古,1
口感棒,1
喝完充满,1
喝很久,1
奇异果肉,1
计划解锁,1
觉得喝点,1
啤酒名字,1
确实蛮,1
总是错过,1
肉挺,1
店风,1
嘞带,1
前前后后估计,1
太懂,1
非常感兴趣,1
毫无计划,1
一家想,1
店日历,1
比较愉悦,1
口味完全,1
日记喜欢,1
速度很快,1
前喝,1
很浓稠,1
公交站后边,1
奶昔牛油果,1
店里干净,1
解辣凉爽,1
喝杯酸奶,1
亲眼看见拿着,1
很小饮品,1
芒果味,1
后边一家,1
自贡菜,1
时间不敢,1
打包吃饭,1
想着喝杯,1
正常甜,1
火龙果奶昔,1
出啤酒,1
清新进去,1
酸奶莓,1
含有酒精,1
里面味道,1
喜欢喝酒,1
喝酒觉得,1
看到清新,1
合口味,1
碰撞出,1
一直很棒,1
服务态度一直,1
面团套餐,1
饮品速度,1
已经面团,1
店知道,1
牛奶组合,1
时间久,1
值不错,1
斜对面一家,1
喝更,1
属于怀旧,1
不懂意思,1
星巴克喝,1
遇到咖啡馆,1
体验值,1
饮不懂,1
喝身体,1
量更多,1
不要喝,1
卖饮料,1
意思卖,1
喝饮料,1
会量,1
星巴克咖啡,1
点评春熙路,1
花纹没有,1
收到感觉,1
杯博士,1
感觉温暖,1
吃自贡,1
知道很久,1
吃饭地方,1
觉得奶茶,1
挂壁花纹,1
感觉小伙伴,1
小伙伴外卖,1
服务特别,1
服务态度不错,1
杯牛油果,1
渔斜对面,1
咖啡碰撞,1
拿着牛油果,1
啤酒味道,1
桌上杯,1
碎口味,1
颜色味道,1
组合划算,1
屋子咖啡,1
晚餐节省,1
满屋子,1
贴心推荐,1
上面优惠券,1
真的风潮,1
大众上面,1
口味正,1
草莓果,1
店员非常,1
非常贴心,1
牛奶香气,1
优惠券组合,1
帮大众,1
心情比较,1
过来尝试,1
星肯定,1
确实差,1
成功桌上,1
看着之前,1
上班喝,1
之前评价,1
可可碎,1
喝完全,1
准备喝,1
真的受欢迎,1
喜欢电影,1
真的太好了,1
果挺,1
走进满,1
米苏太,1
走过路过,1
达成奶昔,1
奶昔环境,1
杯火龙果,1
感觉吃,1
上面芋,1
不错没有,1
牛油果真的,1
嫉妒无处,1
总体感觉,1
会一直,1
牛油果达成,1
情况会,1
蛮有意思口感,1
觉得蛮有意思,1
苏打咖啡,1
喝生,1
雷情况,1
米苏性价比,1
脏简直,1
试一下单品,1
酸奶好看,1
杯提拉,1
上面奶酪,1
好喝巧克力,1
吃提拉,1
性价比相当,1
牛奶感觉,1
简直杯,1
挺好感觉,1
太高总体,1
感觉性价比,1
单品服务,1
真的太高,1
觉得脏,1
脏更好,1
完美混合,1
店最重要,1
饮用口感,1
补充坚果,1
稍微休息,1
提醒饮品,1
附近商圈,1
味道品质,1
挺香,1
一定会想到,1
茶适合,1
喝上面,1
店适合,1
喜欢补充,1
适合先,1
会提醒,1
店里服务员,1
适合美式,1
味道线,1
线创意,1
上面芝士,1
收管喝茶,1
草莓芋,1
咖啡豆挺,1
牛油果足,1
坚果养神,1
加糖甜,1
吧台稍微,1
刷咖啡店,1
奶昔味道,1
酸牛油果,1
很浓草莓,1
核桃葡萄干,1
味很浓,1
葡萄干味道,1
店里饮品,1
忘记叫啥,1
叫啥味道,1
极敏感,1
有时候会点,1
不可或缺提神,1
咖啡因免疫,1
敏感咖啡因,1
咖啡因极,1
上班不可或缺,1
真是上班,1
提神源泉,1
冰颜值,1
小木座椅,1
店里很小,1
座位小木,1
会点熔岩,1
融汇后面,1
搭配想念,1
清爽尝试,1
清爽漂亮,1
外卖真的,1
装修清爽,1
饮品挺,1
饮料奶茶,1
有空经常,1
服务员热情,1
咖啡一定会,1
尝试新品,1
喝水果,1
会光顾,1
经常会,1
水果饮料,1
口感可能,1
比较常规,1
饮料太,1
招牌黑糖,1
薯味,1
圆硬,1
喝过熔岩,1
快起来,1
没有快,1
喝不苦,1
烘豆子,1
正街口口,1
红布正街,1
铺面太小,1
催没有,1
黑糖白糖,1
丝熔岩,1
黑糖特点,1
铁喝过,1
黑糖加,1
黑糖会,1
依然存在,1
感觉依然,1
奶丝,1
杯绝对,1
快餐咖啡,1
饮品依然,1
口感饱满,1
补很久,1
心里舒服,1
里面奇怪,1
依然慢,1
起来心里,1
口味快餐,1
融汇街,1
是不是烘,1
店慢,1
之前点评,1
放在里面,1
客人口味,1
饱满顺滑,1
下去真好,1
五花推荐,1
整体五花,1
慷慨黑糖,1
店铺五脏俱全,1
杯杯,1
会再买,1
配熔岩,1
速度挺,1
闺蜜随手,1
找找到,1
先大口,1
养神补脑,1
再收管,1
包挺香,1
大口喝,1
姐反应,1
挺慢,1
询问客人,1
反应比较慢,1
新的优惠,1
推荐新的,1
会面,1
金融会,1
配上脏,1
冰柠美式,1
袋小坚果,1
真好满足,1
脏黑糖,1
岩溶铁都很,1
美式员一杯,1
杯冰柠,1
铁都很好喝,1
招牌岩溶,1
一致觉得,1
打卡收藏,1
干净明亮,1
黄金熔岩,1
买到划算,1
周就中奖,1
抢购买到,1
融会对面,1
晶融会,1
没想到周就,1
液态提拉,1
顺滑铁,1
饮品自选,1
椰底部,1
都是微苦,1
椰子味道,1
随手扔掉,1
自选杯,1
还算显眼,1
真的希望,1
环境真的,1
系列非常,1
上面会,1
温馨一家,1
简约北欧,1
香精良心,1
苦回甘,1
发现桌上,1
店选择,1
回甘味道,1
罐头香精,1
会令人,1
最喜欢脏,1
自私真的,1
水果新鲜,1
上层液态,1
火起来,1
椰子酒,1
米苏下层,1
划算套餐,1
更没想到,1
上面应该,1
会偏高,1
竟然关注,1
工作上班族,1
环境小众,1
关注拉,1
应该消费,1
应该奶,1
可能价格,1
价格会,1
小店店,1
便宜口味,1
更胜一筹环境,1
熔岩上面,1
拉群,1
群程序,1
新人抽奖,1
春熙路工作,1
位置还算,1
喜欢椰子,1
下层顺滑,1
选海盗,1
底部加,1
爱抢购,1
程序新人,1
后面味道,1
价格星巴克,1
口味喝,1
上班族应该,1
没想到竟然,1
姐姐爱,1
咖啡店价格,1
非常舒服,1
包包,1
里面水果,1
看到水果,1
类型颜值,1
服务进门,1
风格为主,1
选少,1
加少,1
建议选,1
问需要,1
颜值外观,1
毋庸置疑靠谱,1
台词黑糖,1
商家想,1
度角倾斜,1
搭配着桃胶,1
米苏茶,1
落脚拍照,1
亲切问,1
咖啡溢出,1
外观一致,1
心里包装,1
进门哥哥,1
店晶,1
喝搅,1
木质结构,1
觉得饮品,1
一家木质,1
下面黄金,1
精致类型,1
包装饮品,1
口感精致,1
忠粉,1
咖啡选,1
选冰,1
风推荐,1
里面搭配着,1
水果干,1
价格良心,1
需要搅拌,1
良心饮料,1
记忆深刻,1
品尝起来,1
店饮用,1
令人记忆,1
奇妙组合,1
真的奶茶,1
试试脏,1
特别有意思,1
日历特别,1
添加成品,1
大部分买了,1
成品罐头,1
铁奇妙,1
奶茶女孩,1
黑糖需要,1
饮品过程,1
拍照打包,1
浓郁咖啡香,1
女孩续命,1
桌上日历,1
舒服坚果,1
买了打包,1
饮料商家,1
茶搭配,1
坚果新鲜,1
喜欢简约,1
搭配入口,1
一家铺面,1
干坚果,1
深刻台词,1
听说帮助,1
交给男孩子,1
招牌铁,1
买了无纺布,1
咖啡说,1
说觉得,1
美的人来人往,1
人来人往东大街,1
无纺布袋,1
真正美的,1
一点一滴折射,1
熔岩浓,1
歇息进来,1
会喝点,1
小鹿笑,1
温暖小鹿,1
质感挺好,1
香精化学,1
滑香气,1
袋质感,1
浓滑,1
正香精,1
点评活动,1
选博士,1
脏生,1
不错对了,1
异域风情,1
拍照效果,1
一家暖色调,1
招牌饮品,1
喝点咖啡,1
有点异域,1
南非饮品,1
橙味,1
味如意,1
咖啡评价,1
送小白,1
不怎么值得,1
如意博士,1
评价不怎么,1
值得采纳,1
店家送,1
配茶,1
挺温馨,1
店一点一滴,1
比较歇息,1
折射细节,1
胶味道,1
想来一杯奶,1
写字间下午茶,1
桃胶系列,1
丸堂,1
饮品实体店,1
安静清闲,1
试熔岩,1
非常耙,1
茶掐,1
东大街觉得,1
点击饮品,1
里面珍珠,1
加胶,1
店铺清新,1
有点接近,1
掐费,1
超过丸,1
珍珠非常,1
耙糯,1
必选想来,1
吃完饭散散步,1
不能最热,1
香气正,1
化学味,1
挺好店,1
爱饮品,1
一头温暖,1
蛮爱,1
进来美女,1
一家蛮,1
不错买了,1
味周边,1
觉得一头,1
美女真正,1
时间杯,1
做不错,1
细节时间,1
周边做,1
下午茶必选,1
细品有点,1
茶棉花糖,1
捏捏玩具,1
记看法,1
盛典送,1
店里日记,1
倾向不稳定的,1
不稳定的咖啡,1
变态倾向,1
咖啡瘾,1
刚好杯,1
日记记载,1
档案记,1
很棒再来,1
记载档案,1
法官邻居,1
档案写,1
医生法官,1
知道档案,1
包括医生,1
再来品品,1
刮真冷,1
送券,1
明亮感觉,1
点评盛典,1
种类价格比,1
尝试杯,1
不错尝试,1
坐哥哥,1
买了生,1
推荐适合,1
坐坐,1
尝试一直,1
说起来,1
价格比奶茶店,1
刚好前段时间,1
前段时间太古,1
奶茶店略,1
那一圈吃火锅,1
里那一圈,1
清雅明亮,1
装修清雅,1
消券,1
咖啡很棒,1
真冷杯,1
小白团子,1
温热属于,1
阴雨天杯,1
甜柔和,1
长板凳真的,1
快快扩张,1
饮品试试,1
寓意蛮,1
蛮赞同,1
圆好吃,1
新品属于,1
街角饮品,1
带有创意,1
新的布置,1
开发新的,1
内容品牌,1
一直朋友,1
拖到写,1
活动买一送一,1
饮品可选,1
加印长板凳,1
加博士,1
调剂自由选择,1
不加奶油,1
品品水果,1
温热可口,1
一家街角,1
可口咖啡,1
热熔岩,1
盖饮品,1
冷脏,1
风刮,1
喝味道,1
带奶,1
朋友冷,1
成都风,1
口朋友,1
外卖划不来,1
相对于比较,1
比较贵,1
可能位置,1
仅有座位,1
外观其实,1
整洁服务,1
奇果,1
美式奇,1
裡面,1
來一起,1
店裡,1
喝洽,1
發現出,1
特权很久,1
出馬,1
足暖,1
店喜歡,1
接近铁,1
太多懂,1
足感,1
暖太,1
硬全,1
一起硬,1
太足,1
公交车站不远,1
全來,1
喜歡店,1
至少点击,1
隊硬,1
沒來,1
瞬間,1
硬閙,1
觸發,1
説太多,1
購任意,1
購愛,1
間燃,1
飲品,1
馬杯,1
洽啡,1
愛杯子,1
很久沒,1
杯愛,1
麼暖,1
味道喜歡,1
喜歡味道,1
面麼,1
吃不胖公交车站,1
狂吃不胖,1
服务态度很棒,1
减压玩具,1
甜味很淡,1
还付送,1
桃胶熔岩,1
茶桃胶,1
玩具萌萌,1
茶甜味,1
萌萌可爱,1
可爱熔岩,1
对面评分,1
熔岩新鲜,1
清新整洁,1
评分很高,1
显得店面,1
红奶茶,1
送减压,1
白色搭配,1
奶茶环境,1
很高网,1
桃胶滑滑,1
哥哥还付,1
于晶融汇,1
热会,1
荣耀铁,1
推荐荣耀,1
搞懂分开,1
没搞懂,1
芝士味道,1
毕竟胃,1
慢慢尝试,1
品种太多,1
里面冰,1
聪明热,1
朋友聪明,1
说阔,1
手里面,1
挺正,1
不会更好,1
觉得热,1
找看到,1
暖頭,1
懂觸,1
感覺,1
祝店家,1
进店店员,1
刚走两步,1
无缘强求,1
出山试试,1
店家主营,1
走两步看到,1
未免遗憾,1
进来打酱油,1
唯独咖啡,1
硬是没,1
试试祝,1
介意进来,1
一直忌口,1
主营咖啡,1
居然偶遇,1
年会漏,1
口水喝,1
先踩着,1
犹豫进店,1
没成想居然,1
胀口水,1
忌口忌,1
享受时光,1
味正,1
增加动力,1
系列一直,1
心里已经,1
没有加,1
已经超过,1
起来没有,1
工作增加,1
吃吃喝喝,1
妹子颜值,1
店家生意兴隆,1
想着年会,1
还好高,1
闻出品质,1
颜值还好,1
哺乳期吃吃,1
忌比较,1
很好咖啡,1
品購,1
里面含有,1
不错咖啡店,1
红星路上,1
味道据说,1
据说出门,1
试试以后,1
嚼不会,1
朋友逛街,1
进来喝,1
选择过来,1
看到店家,1
以后朋友,1
特别里面,1
累会,1
会选择,1
來喝,1
不用説,1
任意飲,1
出邊,1
逛街逛,1
过来坐坐,1
一家小巧玲珑,1
市中心红星,1
火锅刚,1
品质很好,1
没介意,1
没犹豫,1
想杯,1
说香,1
根本没,1
高说,1
不会吃出,1
吃出味道,1
咖啡店坐落于,1
坐落于市中心,1
桃胶香茅草,1
香茅草嚼,1
含有桃胶,1
小巧玲珑不错,1
出门熔岩,1
喜欢记得,1
杯买了,1
重不错,1
美女老板,1
格调质朴,1
朋友圈赞,1
分享朋友圈,1
不错店铺,1
赞过来,1
员工分享,1
非常清新,1
装修感觉,1
老板美女,1
说一块,1
过来老板,1
感觉很好,1
推荐过来,1
太推荐,1
装修进行,1
觉得非常,1
不能觉得,1
想喝到,1
店铺装修,1
盖下降,1
不大看着,1
窗户坐着,1
特权熔岩,1
绿草奶,1
上面绿草,1
娴熟手法,1
外面夜景,1
看着赏心悦目,1
菠萝味,1
菠萝上面,1
端奶茶,1
先味道,1
奶茶挺,1
挺有意思,1
坐着看着,1
喝菠萝,1
更是口感,1
看着外面,1
菠萝一直,1
一块饮料,1
劵消消,1
喝到奶,1
店里灯光,1
简约明快,1
一起真是,1
喝最好,1
影响睡眠,1
喝不会,1
不会影响,1
店里外观,1
昨儿盆,1
等位号牌,1
茶饮奶茶,1
杯口喝,1
饮大名,1
清新原木,1
原木风格,1
久仰加,1
告诉茶饮,1
细心耐心,1
姐姐温,1
看见清新,1
搭配一起,1
尽快喝,1
比较亮,1
当场喝,1
米苏融化,1
南非开普敦,1
开普敦茶,1
桃胶上面,1
依然老规矩,1
比较打眼,1
糖珠,1
进店依然,1
珠搭配,1
打包记得,1
茶招牌,1
盖糖,1
真是少女,1
听说博士,1
记得尽快,1
需要打包,1
灯光比较,1
碎花菠萝,1
服务热情好客,1
味酸酸甜甜,1
做杯,1
刚刚新的,1
太多原因,1
面积很大,1
尤其认真,1
终于写,1
以后经常,1
式消费,1
应该刚刚,1
属于应该,1
店里看到,1
产品投入,1
发现群,1
消费产品,1
新的产品,1
认真做,1
推荐里,1
可能一直,1
一眼店里,1
值得再次,1
写评论,1
位置加上,1
熟人已经,1
正晶,1
总共味道,1
里面貌似,1
群熟人,1
貌似加,1
再次光顾,1
已经打卡,1
加上桌,1
以前店铺,1
主页发现,1
不怎么高,1
店铺推荐,1
选味道,1
卡劵,1
要求不怎么,1
一直奶茶,1
奶茶要求,1
店心生,1
刚好春熙路,1
买提前,1
来来往往想想,1
发发呆极好,1
坐在里面,1
小店脏,1
极好小店,1
桃胶甜腻,1
好找门店,1
方便好找,1
门店门脸,1
里面小憩,1
心生好感,1
告知口感,1
最喜欢外面,1
奶茶看着,1
外面玻璃,1
想想事情,1
玻璃位置,1
提前告知,1
过来买,1
消消乐,1
事情发发呆,1
没买,1
介绍电影,1
服务很棒,1
泥打底,1
内有豆瓣,1
面上椰子,1
店卡座,1
试酒味,1
算好喝,1
种草没,1
一直豆瓣,1
顿时店,1
清新简单,1
简单装饰,1
电影书籍,1
饮料属于,1
看到顿时,1
门口位置,1
记录电影,1
号牌过来,1
友吃饭,1
温油,1
不错不错,1
会觉得,1
真的高好,1
颜值真的,1
高好漂亮,1
奶茶撑,1
透明杯子,1
杯子装,1
装杯,1
朋友们一起,1
比较独特,1
一起杯,1
一口气喝到,1
喝到草莓,1
香浓提拉,1
搅动搅动,1
芝士清爽,1
菠萝奇异果,1
比较足,1
红风,1
流行网,1
干净简单,1
装修流行,1
爱发现,1
方式会,1
建议尝试,1
氛围小店,1
温暖氛围,1
环境温馨,1
会来试,1
咖啡豆现磨,1
效果更好,1
来试试,1
老板生意兴隆,1
咖啡咖啡豆,1
春熙路一带,1
进店以后,1
不算有名,1
一带不算,1
祝老板,1
咸芝士,1
顶层芝士,1
非常实在,1
适合想要,1
太符合,1
主打产品熔岩,1
圆主打产品,1
小边桌,1
想要喝,1
服务态度蛮好,1
腻铁也,1
舒服小边,1
铁也很香,1
顶层香浓,1
原木色系,1
蛮好原木,1
茶芋,1
巧腻,1
色系店,1
很香环境,1
环境蛮好,1
桌坐,1
口味看到,1
看到吉祥物,1
杯子挺,1
吉祥物杯子,1
有点快,1
奇异果顶层,1
喝掉顶层,1
士多啤梨先,1
加抹茶粉,1
菠萝菠萝,1
草莓果肉,1
平衡刚刚好,1
柠檬香气,1
芝士加,1
饮菠萝,1
淡咸,1
清爽冰,1
先喝掉,1
香气里面,1
下去淡,1
里面平衡,1
女孩爱,1
系列生,1
喜欢细心,1
咖啡基本,1
总体期望,1
依然踩,1
只能定义,1
挺贵,1
咖啡卖,1
咖啡依然,1
越大代表,1
杯含,1
口号做,1
代表喝,1
心里只能,1
价格偏,1
口味问题,1
基本尊重,1
价格挺,1
会吹,1
其实总体,1
做创意,1
偏贵,1
咖啡挺,1
咖啡杯,1
雷心里,1
奶茶内容,1
卖奶茶店,1
喝下去脸,1
换成味全,1
杯不含,1
杯都含,1
杯中杯,1
牛奶常温奶,1
紫色不含,1
贵奶茶店,1
那一杯含,1
都含咖啡,1
脸问号,1
创意咖啡店,1
定义咖啡,1
热没有,1
毕竟口号,1
看看价格,1
愿意再,1
快本来,1
果肉非常,1
吸引熔岩,1
有限不失为,1
里面果肉,1
上面品类,1
品类有限,1
利草莓,1
寻找店家,1
店面有点,1
草莓杯,1
觉得可能,1
盖杯,1
外卖方式,1
巧克力女孩,1
做蛮,1
发现店家,1
有点寻找,1
更接近,1
店员做,1
招牌脏,1
招牌店员,1
爱奇异果,1
店家小伙伴,1
上面巧克力粉,1
再来鸭,1
其实更,1
啤利,1
士多啤,1
都会高,1
想要招牌,1
本来想要,1
系列颜值,1
其实太,1
颜值吸引,1
熔岩士多,1
上面抹茶粉,1
奇异果草莓,1
不失为外卖,1
草莓熔岩,1
奇异果杯,1
搭配结构,1
简单装修,1
太感人,1
牛奶名字,1
铁口感,1
饮品满足,1
感谢小伙伴,1
名字有意思,1
米苏喜欢,1
不错本质,1
有意思加,1
本质间,1
加茶,1
奶油搭配,1
姐姐提醒,1
没有铁奶味,1
比例和谐,1
效果博士,1
比较轻,1
赶紧喝,1
提醒赶紧,1
和谐个人,1
间咖啡馆,1
熔岩效果,1
店中,1
颜值小伙伴,1
回头一回,1
头一回进来,1
提供不加,1
波士茶,1
热铁小,1
米苏化掉,1
路易波士,1
铁小姐姐,1
外带熔岩,1
进来店面,1
化掉奶油,1
小伙伴投食,1
投食路过,1
搭配热和,1
茶味咖啡,1
轻茶味,1
热和铁,1
铁路易,1
店回,1
不同需求,1
说冰,1
购最多,1
太阳冬日,1
沉重时光,1
恰好杯,1
想念生,1
原材料真实,1
尚承受,1
饮品食品,1
喜欢原材料,1
里暖心,1
少可能,1
店彻底,1
冬日里,1
里巧克力,1
最多一家,1
中复,1
食品爱,1
不断推出,1
喜欢不断,1
猎奇心,1
复购,1
承受范畴,1
真实诚心,1
会常来,1
像是冬日,1
像是褪去,1
带上杯,1
温润柔和,1
双子座猎奇,1
新品热诚,1
单店饮品,1
褪去沉重,1
柔和口感,1
暖心呵护,1
甜度尚,1
没有挂壁,1
开启元气,1
彻底套牢,1
比较突出茶味,1
巧克力饮品,1
铁奶味重,1
味道颜值,1
不加咖啡,1
霸王餐吃,1
钻牛角水瓶座,1
癌海龟,1
想起美酒,1
海龟探,1
懒癌,1
水瓶座不会,1
爱尔兰咖啡,1
美酒加,1
版爱尔兰,1
大众爸爸,1
咖啡居然,1
问问问,1
有点温柔,1
珍惜原来,1
一直问问,1
温柔版,1
吃珍惜,1
新品招牌,1
金主爸爸,1
甜味于百利,1
爱钻牛角,1
感谢金主,1
找到容易,1
慢慢做,1
有序做,1
说贴心,1
终于最后,1
态度方面,1
希望以后,1
里里面,1
方面喜欢,1
铁没有,1
感觉时间,1
一直走,1
做特别,1
于百利甜,1
内容写进去,1
写进去饮品,1
喝到茶味,1
比较惊喜,1
店感谢,1
放再,1
旺角屹立,1
回味稍,1
咖啡说是,1
味道想念,1
朋友热饮,1
不够浓郁,1
稍苦,1
芒果加,1
整体招牌,1
其实芒果,1
成分内容,1
生意味道,1
圆不错,1
苦整体,1
拿到只能,1
放放,1
春熙路旺角,1
不能冷,1
只能放,1
芒果味儿,1
热饮糖,1
味儿回味,1
说是咖啡,1
奶茶咖啡因,1
感谢努力,1
原来真的,1
居然会,1
会成分,1
会变,1
不会一直,1
真的会,1
会喝,1
最后用掉,1
椰浆桃胶,1
赶在最后,1
桃胶饮品,1
年会赠券,1
椰浆不够,1
喝完心跳,1
加椰浆,1
其实里,1
事实证明选择,1
结构显得,1
代表熔岩,1
算是商业街,1
里清流,1
占据店面,1
应有骄傲,1
品质饮品,1
推荐给朋友,1
眼菜单,1
苦口感,1
选择热饮,1
主调装修,1
给朋友最后,1
饮品呈现,1
看见脏,1
杯集合,1
热饮代表,1
真挚推荐,1
咖啡品质,1
脏字,1
店面堂,1
清流位置,1
想着吃火锅,1
过程咖啡师,1
位于通巷,1
原木色招牌,1
味道比较突出,1
咖啡师非常,1
店里音乐,1
想要尝试,1
环境原木色,1
赶时间影响,1
通巷太,1
甜腻杯,1
顺滑眼,1
饮品想要,1
刚刚好熔岩,1
焦糖甜,1
联想甜腻,1
操作台大概,1
集合焦糖,1
主调咖啡,1
饮品生,1
装修店铺,1
大概占据,1
特权逛完,1
店会,1
姐姐很棒,1
熔岩铁小,1
铁小哥哥,1
养颜桃胶,1
逛完春熙路,1
灌木香草,1
发酵灌木,1
滋补养颜,1
食话,1
据说茶叶,1
新熔岩,1
做热饮,1
需发酵,1
帮助睡眠,1
茶上面,1
杯价,1
茶加,1
选择是否,1
应该位于,1
是否加,1
最后超,1
商业街里,1
系清新,1
脏选择,1
清新店,1
骄傲选择,1
太古,1
会真挚,1
尝试店,1
部分味道,1
制作模式,1
影响杯,1
呈现过程,1
古里,1
会联想,1
里算是,1
一家系,1
建议全,1
不了制作,1
坐左右,1
服务姐姐,1
券做,1
喝店面,1
吃火锅肯定,1
午吃,1
妹子态度,1
马上到期,1
打包准备,1
准备吃火锅,1
难得成都,1
杯加,1
做计划,1
路上选,1
胶带没有,1
里小伙伴,1
说券,1
东西路上,1
中想念,1
吃东西,1
老公说,1
小伙伴评论,1
最好打包,1
果断杯,1
吃吃吃,1
有点累眼瞅,1
肯定解辣,1
解辣事实证明,1
计划有点累,1
贴好胶带,1
想念是非,1
放好杯,1
帮忙放好,1
挂壁效果,1
店铺起起落落,1
成都吃吃,1
芒果口味,1
喝完咖啡,1
眼瞅马上,1
咖啡直奔,1
杯纸巾,1
是非咖啡,1
评论说,1
说最好,1
站背后,1
搅一起,1
提前搅拌,1
挺整洁,1
下面果汁,1
喜欢搅,1
铁糖,1
座位大概,1
果汁全,1
喝一杯咖啡,1
喝分开,1
吃时间,1
分开喝,1
想甜,1
糖觉得,1
话提前,1
咖啡觉得,1
大概坐,1
店挺,1
左右样子,1
甜话,1
略酸,1
果汁分开,1
背后熔岩,1
小伙伴儿们,1
打卡年会,1
儿们挺,1
打包细心,1
咖啡券,1
顺便咖啡,1
大桥顺便,1
券使用,1
感觉高,1
分开喝到,1
好喝甜度,1
熔岩好喝,1
喝完熔岩,1
甜度口感,1
熔岩果汁,1
没什么甜味,1
位置纱帽,1
特别久,1
加东西,1
终于终于,1
一家火锅店,1
满心店,1
居然轻易,1
真的可想而知,1
尝试小伙伴,1
感觉缘分,1
招牌有点,1
接近奶茶,1
对面马路,1
等候位置,1
轻易路过,1
楼上一家,1
以后居然,1
地址并不,1
点评标题,1
放弃以后,1
位于一家,1
情况真的,1
有种口水,1
享不停,1
并不太古,1
里面坐,1
店里等候,1
一块不错,1
做好准备,1
中品质,1
中带着,1
一家鲍师傅,1
不停路痴,1
冲过来情况,1
前面公交车站,1
身边店铺,1
特权享,1
房屋中介中间,1
饮加,1
标题冲过来,1
路痴点评,1
链房屋中介,1
鲍师傅蛋糕店,1
蛋糕店链,1
咖啡因都会,1
口水欲滴,1
略带咸味,1
咖啡神往,1
杯堂,1
评友去,1
券拔草,1
店久闻大名,1
还算好找,1
打包袋,1
袋用心,1
点评感恩,1
感恩商家,1
免费券,1
滑柔和,1
食杯,1
年会免费,1
看到评,1
刷地方,1
没有客人,1
百利甜酒,1
喝出百利,1
最合适饮品,1
白底黑字还算好,1
价位不贵,1
价格觉得,1
感觉没,1
欲滴感觉,1
门面清新,1
天天吃货,1
好喝价格,1
吃货评价,1
咨询店员,1
亲民不错,1
清新咨询,1
咖啡普遍,1
太亲民,1
没甜,1
高导航,1
山山,1
一直咖啡,1
普遍左右,1
找容易,1
山高,1
继续逛街,1
感谢商家,1
商家福利,1
饮品不同,1
应该熔岩,1
圆软,1
尝试阳光,1
特殊香味,1
系列征服,1
咖啡搭配,1
太奇妙,1
尝试奶,1
成都最喜欢,1
香中,1
比例不算,1
融合特殊,1
最喜欢应该,1
咖啡占,1
做越好,1
搭配太,1
占比例,1
店完全,1
更多好喝,1
甜奶,1
闺蜜最喜欢,1
相应粉末,1
不同配上,1
咸奶盖太,1
应该目前为止,1
来点生,1
盖咸奶盖,1
盖面会,1
目前为止成都,1
配上相应,1
面会饮品,1
士多啤梨闺蜜,1
阳光很好,1
别家甜,1
口感别家,1
菠萝熔岩,1
糯好吃,1
喝过味道,1
最喜欢饮品,1
越做,1
出更多,1
逛街做好,1
感谢大白,1
选友友,1
入口甜味,1
友友推荐,1
咖啡因比较,1
甜品售卖,1
任选杯,1
顾客小憩,1
告知任选,1
椅顾客,1
哥哥服务态度,1
带着甘甜,1
看着乖巧,1
新鲜芒果,1
店店外,1
位于晶,1
推荐想念,1
尝一块,1
店店员,1
贴心伴手礼,1
乖巧甜品,1
芒果布丁,1
小饼干看着,1
小店马上,1
心心念念黑糖,1
太严谨,1
经营小店,1
融汇正对面,1
店铺晶,1
马上红火,1
讲话温柔,1
用心经营,1
希望用心,1
姐姐讲话,1
同学黑糖,1
店外摆放着,1
摆放着桌,1
曲奇小饼干,1
自制曲奇,1
吃吃甜点,1
调出最合适,1
里面喝出,1
容纳一杯奶,1
供位子,1
最爱泰式,1
泰奶味道,1
盖住泰奶,1
米苏盖住,1
店员很稳,1
很小门面,1
吧台供,1
饮品尝,1
挺清新,1
东大街晶,1
买饮,1
试试环境,1
大众里,1
朋友买,1
里经常,1
巧克力顺滑,1
点击率颜值,1
颜值最高,1
店里吧台,1
奶茶奶茶,1
写漂亮,1
习惯铁,1
吃午饭,1
感觉挺,1
一家不大,1
发现年会,1
附近吃,1
入口很顺,1
进到咖啡店,1
更好熔岩,1
门进到,1
人流春熙路,1
穿过人流,1
日子很短,1
没有焦味,1
温馨一句话,1
机会穿过,1
难得机会,1
爱很长,1
脏朗姆酒,1
味软饮料,1
特权附近,1
稍稍提,1
店里姐姐,1
真的跟到,1
等位坐到,1
跟到导航,1
真的慢条斯理,1
充电插座,1
很小店面,1
提快一点,1
一直太古,1
香醇巧克力,1
速度稍稍,1
旁边充电,1
导航一直,1
消费套餐,1
东西有点,1
做细致,1
姐做,1
以后速度,1
不要久,1
拿着喝,1
最后天才,1
最好拿着,1
朗姆酒铁,1
咖啡香醇,1
温馨简洁,1
位于东大街,1
选择点击率,1
最高饮品,1
酒味,1
非常整洁,1
布置非常,1
设备非常,1
服务态度挺好,1
选了无,1
拖延症最后,1
过来券,1
店小巧,1
选招牌,1
天才过来,1
感觉清新,1
屹立倒,1
心跳有点,1
店环境,1
去逛春熙路,1
服务态度蛮,1
喝一杯奶,1
仁饮品,1
咖啡店成都市,1
咖啡仁,1
高熔岩,1
刚好没有,1
没有事,1
小伙伴冰,1
喝一杯经典,1
回到喝一杯,1
很长无法自拔,1
痴迷暹罗,1
一如既往好喝,1
好喝一如既往,1
经典熔岩,1
一如既往感人,1
倒新品,1
事去逛,1
材料称,1
总是没有,1
甜酒味道,1
加百利,1
胃容纳,1
严格配比,1
热饮真的,1
算是新品,1
券喝,1
朋友券,1
可能调出,1
感觉严谨,1
个人蛮,1
味道里面,1
喝总是,1
早就想,1
员工感觉,1
店员工,1
没有胃,1
美式是不是,1
冰爽,1
咖啡为主,1
干净卫生,1
慢慢品,1
口感外观,1
街对面,1
手咖啡,1
位置话,1
时不时会,1
时间话,1
会更新,1
带着尝试,1
之前痴迷,1
朋友带着,1
不了太多,1
券没用,1
甜口感,1
浓郁巧克力,1
挺精致,1
脏确实,1
想念没,1
更新菜单,1
饮品味道,1
蛮香,1
咖啡新品,1
铁很长,1
最后上班,1
上班决定,1
决定回到,1
是不是会,1
会照常营业,1
收藏已久,1
美女服务态度,1
赶在打卡,1
口感正常,1
咖啡美女,1
子坐,1
过年期间,1
期间会,1
姐姐聊个,1
渔街,1
奶口感,1
注定杯,1
快餐式,1
鸡尾酒感觉,1
无需质疑,1
瓶甜酒,1
甜酒聊天,1
感谢感谢,1
混搭完美,1
回来想念,1
想念口,1
算混搭,1
质疑只想,1
出差回来,1
配上酒,1
包包出,1
够作,1
酒算,1
瓜服务,1
酒里面,1
开瓶,1
里面黑,1
计划够,1
腻刚刚好,1
那一杯旅行,1
路过烊,1
增加味道,1
想不到搭配,1
味道层次,1
带着芹菜,1
搭配竟,1
火锅一起,1
友吃,1
会苦瓜,1
没有多余,1
要求糖,1
枸杞配上,1
一起过来,1
说非常,1
只想强烈建议,1
室友那一杯,1
强烈建议包包,1
服务好不好,1
服务熟络,1
味道配不上,1
出黑色,1
说服务,1
开心吃了饭,1
招牌小龙虾,1
风格文艺,1
不大风格,1
不同饮品,1
尝试更多,1
更多不同,1
没有期待,1
最爱饮品,1
楼下最爱,1
虾太难,1
新品马克杯,1
打包招牌,1
楼上霸王,1
太难排队,1
饮料一起,1
店加,1
一起包,1
终于买到,1
饮料颜值,1
参加微信,1
可爱一家,1
名字取,1
抽奖活动,1
白色马克杯,1
马克杯可爱,1
芹菜酵素,1
民谣芹菜,1
韵味闺蜜,1
闺蜜想念,1
芹菜饮品,1
顺路过来,1
抽到杯,1
想念旅行,1
选民谣,1
取韵味,1
杯新品,1
微信抽奖,1
新品选,1
加芹菜,1
过来领取,1
竟美妙,1
谢谢盆,1
反正想不到,1
出点新品,1
个人非常,1
上会注明,1
菜单上会,1
里面具体内容,1
注明品种,1
担心踩,1
品种里面,1
没有品种,1
姐姐冒雨,1
回购推荐,1
路上拦路虎,1
冒雨送,1
过来摆好,1
奶奶茶,1
好评好评,1
纯奶,1
新品减肥,1
摆好再,1
地铁站距离,1
开启咖啡,1
配料特别,1
春熙路地铁站,1
路过喝杯,1
卖什么奶,1
写卖什么,1
走路路过,1
坐着休息,1
招牌变,1
没什么太大,1
门口坐着,1
反正卖,1
里面摸,1
里面热闹,1
太大变化,1
换名字,1
门口写,1
店换,1
卖店,1
饮品新体验,1
定咖啡,1
加纯,1
苦瓜味,1
麦仁口感,1
之前购买,1
十八怪民谣,1
友带我去,1
牙尖十八怪,1
真是牙尖,1
都想点讨,1
酸味比较突出,1
首富都想点,1
多余甜味,1
店对面,1
鄙视真是,1
商圈边边,1
芹菜清香,1
番茄酸味,1
讨好彩头,1
好彩头西红柿,1
民谣西红柿,1
友尝,1
购买平台,1
朋友附近,1
极其想,1
平台套餐,1
减肥路上,1
已经回购,1
送过来,1
活动定,1
系列想,1
客户活动,1
再走,1
服务态度非常,1
靠窗小桌,1
小桌子,1
烤肉以后,1
装修简洁,1
简洁风格,1
饮品值得,1
子坐着,1
有点帅,1
附近吃完,1
熬桃胶,1
烊不能,1
口鸡尾酒,1
分享心情,1
喝完走,1
声音温柔,1
温柔态度,1
算是赞,1
里杂乱,1
铁姐姐,1
生意挺,1
名字少女,1
诱惑很大,1
文艺举动,1
水果透明,1
透明开放,1
少女系,1
蛮想,1
太拼,1
想尝,1
姐姐负责,1
一直忙着,1
环境东大街,1
竟然酸奶,1
好像枸杞,1
咖啡探,1
色调为主,1
买了杯子,1
友诱惑,1
看着蛮,1
算是情怀,1
位置喝完,1
情怀文艺,1
饮品之外,1
码分享,1
闺蜜名字,1
总共座位,1
看见桌上,1
系列饮品,1
店面形象,1
客人扫,1
奇特不错,1
一共服务员,1
态度挺好,1
一同朋友,1
看到桌子,1
全客人,1
盖下面,1
下面鲜牛奶,1
看起来算是,1
首富新品,1
桌上台历,1
本来巷子,1
咖啡店配,1
位置挺好,1
喜欢桌上,1
巷子里,1
放水果,1
电影台词,1
铁镇,1
店宝,1
真的相当,1
相当喝,1
不错环境,1
环境特别,1
层次分明看起来,1
好喝西红柿,1
鲜牛奶咖啡,1
颜值相当,1
本来颜值,1
鸡高,1
座位看到,1
哥哥一直,1
饮料介绍,1
服务一共,1
老板太,1
有点影响,1
咖啡里面,1
影响整体,1
不会突然,1
介绍特色,1
应该全,1
突然出现,1
明明点评,1
奇怪奇怪,1
环境搞得,1
提示写,1
性价比炒,1
扫码,1
产品线太多,1
走近冲动,1
楼下卖,1
同事买了,1
没什么事情,1
里面环境,1
买了位置,1
哥哥做,1
杯底稍微,1
稍微有一点,1
纯咖啡,1
特别干净,1
感觉咖啡店,1
糖奶,1
门店装修,1
咖啡毒,1
刚好满足,1
必杯,1
午饭看到,1
喜欢纯,1
嘱咐哥哥,1
卖兔,1
板凳等待,1
外卖挺,1
之前路过,1
茶做,1
不能做,1
做成全糖,1
吃完饭顺便,1
店里靠墙,1
里买,1
店门口长板凳,1
旁边等得,1
更喜欢店门口,1
等得有点,1
兔脑壳,1
靠墙板凳,1
顺便打劫,1
脑壳旁边,1
打劫同事,1
忘了嘱咐,1
想走近,1
上班必,1
控制刚刚好,1
尝尝酸奶,1
原木色调,1
集成册子,1
水果茶系列,1
算是很大,1
开放玻璃柜,1
糖度控制,1
桌子小册子,1
蛮新奇,1
落地窗座位,1
咖啡全,1
玻璃柜里,1
口感蛮,1
蛮奇特,1
心情小故事,1
酸奶盆,1
打印集成,1
不用吸管,1
落地窗位置,1
东大街拐角处,1
咖啡店视感,1
忙着备餐,1
混合水果茶,1
装修吸引,1
老实说,1
实在喜欢,1
满足需求,1
个人实在,1
中咖啡,1
东外街人来人往,1
口感还行,1
坐在落地窗,1
外面东外街,1
小故事小诗,1
日式原木,1
有种陈奕迅,1
桌上周边产品,1
真真是性价比,1
铁加提拉,1
陈奕迅会,1
喝杯奶,1
说很好,1
选择困难,1
单品莫吉托,1
拍照太多,1
微信号,1
妹子没,1
看到点评,1
没恶意,1
中妹子,1
图中,1
刚好没人,1
原味莫吉,1
感很强,1
小店很小,1
拔草小店,1
没人坐下,1
姆原味,1
一起来拔草,1
颜值名字,1
鸡尾酒单品,1
酒精饮料姐姐,1
顺便看到,1
饱腹感,1
朋友选,1
说不会,1
名字简单,1
火以后,1
爽没有,1
先喝,1
相比地方,1
起来觉得,1
没有刺激,1
说先,1
图片发给你,1
完美味儿,1
快挤出来,1
请留下微,1
抹茶星冰乐,1
星冰乐完美,1
说是网,1
颜值毋庸置疑,1
妹纸漂亮,1
圆饱腹,1
清爽入口,1
雷鸡尾酒,1
很小巧,1
融汇环境,1
排等位,1
等位区,1
明亮简洁,1
吧台对面,1
醇厚加上,1
对面晶,1
风格明亮,1
冰店员,1
看点咖啡,1
喝酒精饮料,1
火锅街,1
对面排,1
加上上面,1
说分层,1
会看点,1
明显早,1
早知道,1
知道应该,1
甜试一下,1
应该少冰,1
少冰会,1
说店,1
果断一起来,1
尝姐姐,1
座位刚好,1
咖啡馆喝,1
喜欢杯子,1
坐下喝,1
喝海岛,1
陪伴幸福,1
姐姐口,1
店收藏,1
不会踩,1
很久一直,1
真的美好,1
新鲜,1
幸福真的,1
经典不会,1
姐姐说,1
不会失望,1
怕火,1
搭配很好,1
没有茶味,1
奶茶奶昔,1
牛油果酸奶,1
铁肥肠,1
酸奶好喝,1
贪心店,1
酸奶浓郁,1
清爽味,1
一家贪心,1
朋友小聚,1
总分点评,1
优雅舒适,1
适合朋友,1
环境很好,1
口味颜值,1
犄角旮旯,1
高原红锅,1
效率高速度快,1
出品效率高,1
奶昔口感,1
牛油果清爽,1
路易波茶,1
味透出来,1
有点回甘,1
店里小姐,1
必喝一杯,1
问店里,1
无意间盲点,1
好像芝士,1
清爽腻,1
回甘东西,1
茶无意间,1
茶清爽,1
回甘草,1
春熙路几乎,1
反正有点,1
上面好像,1
好像加,1
几乎必,1
非常符合,1
锅霸王,1
态度出品,1
寡淡无味,1
刺激舌头,1
另一款草莓,1
老远看见,1
面老远,1
咸腻,1
菠萝糖,1
菠萝味道,1
茶咸,1
觉得另一款,1
耍排队,1
表达用餐,1
可能收银,1
舌头店,1
喝果汁,1
服务收银,1
以后耍,1
找没错,1
草莓更好,1
托口,1
更轻爽,1
口感更轻,1
好喝海岛,1
晓得好喝,1
用餐体验,1
点评仅,1
高味道,1
仅表达,1
体验个人,1
服务态度,1
味道搭配,1
五脏俱全服务,1
听出重庆人,1
喝莫吉托,1
喝到朗姆酒,1
姐服务态度,1
缺五脏俱全,1
麻雀虽小缺,1
另一款好喝,1
收银小妹妹,1
加号面,1
不要太妙,1
已久店,1
种草已久,1
杯好喝,1
上面类似,1
杯型,1
铁其实,1
老板开,1
喝进去嘴里,1
嘴里挺香,1
强烈推荐过来,1
朋友强烈推荐,1
过来店面,1
狸配,1
点评特意,1
听说点评,1
茶挺,1
店家服务,1
特意准备,1
口很爽,1
边边逛,1
口味熔岩,1
类似奶,1
杯子比较,1
店貌似,1
喝过老板,1
座位少,1
谈事情,1
中间长,1
店音乐,1
特别中间,1
音乐比较,1
知道喜欢,1
氛围会,1
起来很爽,1
干净敞亮,1
元素讨喜,1
店面干净,1
店疯狂,1
开小店,1
其实提拉,1
淡浓,1
貌似杯,1
口味饮品,1
后面闷,1
比较吸,1
最后吸管,1
来来往往人群,1
用料实在,1
闻到香,1
果肉感觉,1
症纠结,1
选菠萝,1
吸着吃,1
可惜胃,1
选芒果,1
口味口味,1
累进来,1
真过瘾,1
时尚清新,1
胃享受,1
装修时尚,1
困难症,1
吃底下,1
感觉真,1
进门闻到,1
窗边看着,1
吸管吸着,1
底下大粒,1
闷热,1
适合口味,1
选口味,1
刚好喝,1
评价挺,1
可能刚好,1
记得热,1
朋友先,1
味道刚刚好,1
不会甜腻,1
水蜜桃狸,1
享受不了,1
清新小店,1
进来喝一杯,1
酸酸甜甜可口,1
店招颜值,1
大粒果肉,1
换风格,1
更愉悦,1
草莓莫吉,1
进去坐,1
结合不要,1
里旁,1
天都有点,1
走马路上,1
出去转一圈,1
心情压抑,1
搞得心情,1
有点小雨,1
想到事情,1
瘦菡,1
很好店,1
事情做,1
配不上颜值,1
没有事情,1
姐姐真好,1
真好范范,1
范范吃饭,1
颜值正义,1
亲切一直,1
不会喝酒,1
旁一家,1
没法走,1
偏好气泡,1
气泡饮品,1
肥肠亲切,1
姐姐肥肠,1
干杯以后,1
小哥姐姐,1
一起拔草,1
饮品草莓,1
店小哥,1
本来偏好,1
回来尝尝,1
高估身体,1
出门没法,1
选草莓,1
终于小伙伴,1
走直线,1
以后出门,1
特权菡,1
菡超标,1
座位店,1
约碰面,1
极其细腻,1
凳子显得,1
提前坐等,1
坐等店,1
风格说不定,1
吸眼球,1
金属摇滚,1
类别创意,1
白色基调,1
吃饭顺便,1
清新文艺,1
比较偏重,1
长凳子,1
专门类别,1
眼球选,1
老总约,1
食氛围,1
门口座位,1
口感极其,1
饮品咖啡,1
略显清新,1
碰面谈,1
喝也挺,1
热量瘦,1
好看杯,1
顺便带,1
真好看,1
上面热量,1
茶没想到,1
拍照真,1
没想到上面,1
带喝,1
真滴好好喝,1
还好门口,1
茶饮次之,1
饮品茶饮,1
愉悦自在,1
偏重金属,1
说不定堂,1
颜色层次分明,1
口感层次感,1
芒果果肉,1
显得空间,1
比较精致,1
大概年轻,1
标签比较,1
年轻孩子们,1
口感更,1
味道完全,1
饮食理念,1
仪式感,1
带咖啡,1
年轻人活力,1
考虑大众,1
比较咖啡,1
饮用方式,1
传递健康,1
里日渐,1
能够星,1
岁月里,1
最后星,1
比较纠结,1
整体咖啡,1
咖色,1
身着白,1
视觉流行,1
最后祝,1
招牌群,1
大众口味,1
浓缩水,1
环境装潢,1
味冰,1
脏似乎,1
包售卖,1
之前招牌,1
适合岁月,1
打分比较,1
似乎很久,1
贴店铺,1
坚果感觉,1
咖感觉,1
咖啡仪式,1
挺足,1
味道可能,1
更干净,1
似乎选择,1
装修设计,1
价质量,1
非常味道,1
知道想,1
想做,1
美式口感,1
很好美式,1
算是不错,1
位置装修,1
价格算是,1
综合考虑,1
设计很好,1
偏韩国风,1
比较简单偏,1
环境比较简单,1
铁味道还好,1
韩国风味道,1
对面霸王,1
话蛮,1
质量远远,1
可能店家,1
原价知道,1
茶价,1
更杯,1
水喝,1
健康饮食,1
理念服务,1
选择推荐,1
没有星,1
做选择,1
会做,1
卖到左右,1
饮料卖到,1
凳长凳,1
吧台凳,1
士多啤梨非常,1
店家咖啡馆,1
咖啡馆招牌,1
远远比不上,1
招牌杯,1
似乎饮品,1
流行潮流,1
茶基,1
足桃胶,1
米苏味,1
颜值比较,1
黑糖口味,1
香气桃胶,1
桃胶清香,1
简约留白,1
留白样式,1
微微发腻,1
生出孤寂,1
繁杂招牌,1
招牌浅薄,1
茶几长条,1
茶基底,1
漂浮熔岩,1
浅薄记忆,1
样式繁杂,1
装潢简约,1
添加份量,1
店里坚果,1
咖啡师身着,1
同行伙伴儿,1
口感黑糖,1
咖啡之上,1
熔岩一起,1
白咖,1
以后店面,1
进门以后,1
铺咖啡,1
色为主,1
感觉干净,1
咖啡热,1
祝成为,1
进入口中,1
店面新,1
吃胖,1
一起进入,1
不怎么适合,1
伙伴儿觉得,1
年会卡,1
灰色围裙,1
醇厚味道,1
喜欢香甜,1
每一次远远,1
咖口味,1
推崇味道,1
至多能够,1
孩子们推崇,1
秉持理念,1
女孩儿喜欢,1
惯黑,1
口味店铺,1
精致店铺,1
盖醇厚,1
冰奶茶,1
空灵感,1
吸管喝,1
喝下层,1
店铺标签,1
入口茶,1
远远一眼,1
完全盖住,1
凳设置,1
匆忙路过,1
空间局促,1
茶上层,1
日渐苍老,1
上层漂浮,1
大抵传递,1
厚重微微,1
份量挺,1
衬衣灰色,1
孤寂空,1
基香气,1
大概女孩儿,1
入口上层,1
简约精致,1
店铺秉持,1
白衬衣,1
一眼匆忙,1
比较刁钻,1
饮品视觉,1
下层博士,1
虾街,1
淡铁,1
符合市场价,1
乖想象,1
那得聊聊天,1
酸奶颜值,1
唠唠嗑,1
店面小巧,1
清爽可口,1
嗑聊天,1
想象清爽,1
小巧不大,1
看上去店面,1
外面看上去,1
酸奶味道,1
真的乖,1
草莓味,1
食材新鲜,1
一家小巧,1
刚好旁边,1
选择聊聊天,1
不大精致,1
聊聊天喝喝,1
好久不见朋友,1
偶遇好久不见,1
说吃,1
慢慢喝完,1
顺便回复,1
根木质,1
软香,1
吃好喝,1
白热水,1
先搅,1
热心杯,1
店员喝,1
里面巧克力,1
巧克力容易,1
喝热心,1
喝干净,1
供坐,1
不想走,1
回复信息,1
说真,1
店面真的,1
加上酸奶,1
幸福吃货,1
靠窗位置,1
喝进去口,1
店标喜欢,1
店里礼貌,1
服务店里,1
没听说过店,1
确实记不得,1
装修比较简单,1
记不得选,1
可口饮品,1
融化里面,1
记得好喝,1
用心饮品,1
一向挑剔,1
店铺地理位置,1
奶茶一向,1
经常打卡,1
打开主页,1
杯可口,1
味道可选,1
加号店标,1
之前没听说过,1
去掉咖啡,1
糖咖啡,1
找安静,1
味道更好,1
安静地方,1
聊天找,1
旁边一家,1
服务一家,1
喝杯喜欢,1
坐在长椅,1
喝完能量,1
茶喝完,1
间隙过来,1
能量回去,1
回去上班,1
喜欢舒服,1
喜欢饮料,1
工作间隙,1
糯软,1
巧克力沉底,1
蛮符合,1
奶茶店店面,1
买点心,1
胖幸福,1
饮品其实,1
真的精致,1
单位楼下,1
其实不错,1
早餐生活,1
吃班花,1
特权狸,1
排队无聊,1
狸带,1
真会玩,1
紫薯很香,1
单价略,1
有趣杂志,1
性价比不算,1
食打包,1
奶茶味道,1
品种不算,1
精致早餐,1
好喝特别,1
楼下咖啡店,1
推荐位置,1
街环境,1
环境位置,1
正价格,1
莫吉托清新,1
鐵咖啡,1
好像全家,1
全家附近,1
路杯,1
朋友路,1
属于颜值,1
颜值味道,1
点心早饭,1
咖啡茶饮,1
茶饮品种,1
融化一起,1
味道俱佳,1
菜单价,1
招牌适合,1
木质凳,1
哥哥热情,1
热热很大,1
打卡打卡,1
味道纯正,1
靓女店,1
时尚咖啡店,1
简单整洁,1
店招牌,1
全帅哥,1
店铺简单,1
四方朋友,1
很大杯,1
一家时尚,1
休闲地方,1
热情介绍,1
买莫吉,1
棒味道,1
酒非常,1
容易化掉,1
热热咖啡,1
杯热热,1
店里全,1
团购比较,1
无聊附近,1
简单大方,1
买奶茶,1
吃四方,1
玩装修,1
适合明显,1
制作认真,1
附近买,1
朋友吃,1
百丽甜,1
加百丽,1
有点涩,1
紫薯加,1
喝完有点,1
喝紫薯,1
材料较真,1
比较划算,1
交融感觉,1
口味主打,1
讲解热卖,1
自然喜欢,1
奖品自然,1
口味更是,1
名字文艺,1
担心赠送,1
送给附近,1
加上有点,1
送可爱,1
附近上班,1
赠送会,1
文艺范,1
会遭到,1
不错饮品,1
价格比网,1
红便宜,1
看到袁老,1
真体店面,1
袁老火锅店,1
融汇斜对面,1
相反姐姐,1
更是清爽,1
白色门头,1
更创新,1
适合喜欢,1
创新温度,1
走久,1
比较特点,1
产品名字,1
东西十分,1
会外面,1
风格会,1
可爱马克杯,1
有点嚼,1
西芹清香,1
燕麦巴适,1
劲燕麦,1
看上去清爽,1
民谣送给,1
遭到冷淡,1
无意中奖,1
清香加上,1
里边苦瓜,1
走到晶,1
有点洋气,1
位置真的,1
点评很高,1
做法泡,1
茶叶做法,1
拍门店,1
座位更好,1
看起来养生,1
真的很少,1
充会,1
一直推,1
饮品真,1
手机实在,1
之前拍,1
过去坐,1
搞得特别,1
走过去,1
会电,1
再多想着,1
大众优惠卷,1
吧台走,1
门店点评,1
坐起充,1
据说草本植物,1
卖饮品,1
火锅店排,1
特权位置,1
风格不错,1
咖啡都有,1
真体,1
体感觉,1
喜欢西红柿,1
感觉店,1
排最后,1
最后一家,1
买起打包,1
只能买起,1
实在没电,1
很高浏览量,1
条凳坐起,1
草本植物茶叶,1
十分不错,1
久坐,1
整体风格,1
直接奶,1
点过外卖,1
熔岩送来,1
盖融为一体,1
融为一体不错,1
盖融化,1
送来上面,1
盖做出,1
一大口,1
喝一大,1
喝到中间,1
做出马上,1
卫生搞得,1
超满足,1
盖不会,1
喜欢喝汤,1
直接店,1
早之前,1
真的不会,1
之前点过,1
超出预期,1
街边小店,1
产品感觉,1
整洁明了,1
酸奶芒果,1
细心讲解,1
层次感强,1
强烈,1
搭配酸奶,1
热卖产品,1
果肉特别,1
外观颜色,1
吸引眼球,1
简单干净,1
特别细心,1
看起来吸引,1
拍照店,1
特别弹,1
哥哥特别,1
想拍照,1
不会化,1
翻翻豆瓣,1
外面店,1
机会要来,1
风格非常,1
服务味道,1
天气原因,1
口没有,1
没有觉得,1
下来喝杯,1
喝杯东西,1
店里主打,1
看得出来店家,1
熔岩招牌,1
抹茶芋,1
路过打卡,1
风格清新,1
甜朋友,1
店家非常,1
逛街走,1
里面服务态度,1
温度感,1
心情特别,1
没什么服务,1
味道环境,1
越来越流行,1
豆瓣日历,1
看着人来人往,1
进店尝试,1
喜欢刚刚好,1
刚刚好可能,1
放松路过,1
招牌系列,1
选主打,1
流行咖啡,1
咖啡店看起来,1
非常简约,1
会进店,1
春熙路太古,1
味道老板,1
天气咖啡,1
其实没什么,1
环境全家,1
服务挺不错,1
菠萝莫吉托,1
昨儿太古,1
店门口橱窗,1
已经很久,1
很久没有,1
突然热,1
爆炸近,1
终于不能,1
可爱店门口,1
喝一杯新品,1
店喝一杯,1
西芹酵素,1
恰店,1
燕麦好喝,1
抹茶糖,1
不错西芹,1
转角偶遇,1
新品民谣,1
偶遇恰,1
橱窗拍照,1
好喝推荐,1
咖啡不能,1
饮突然,1
选择外卖,1
懒人已经,1
招牌特别,1
环境招牌,1
话态度,1
火一家,1
看到火,1
特别明显,1
死人天儿,1
外包装棒棒,1
喝过加糖,1
收藏店子,1
加糖咖啡,1
离得爆炸,1
先解馋,1
其实离得,1
已经没救,1
热死人,1
天儿里,1
糖脏,1
过程蛮,1
态度蛮好,1
原因有点,1
盖牛奶,1
变成奶,1
材料品质,1
层次个人,1
比较层次,1
对面一家,1
店看着,1
有点喝,1
比较特色,1
名字不错,1
喝没,1
个人原因,1
价格左右,1
成为吃,1
热咖啡熔岩,1
水火交融,1
熔岩凉,1
闺蜜熔岩,1
没两口,1
分量少,1
甜材料,1
两口变成,1
环境清新,1
圆环境,1
带可爱,1
风格带,1
制作过程,1
不来甜咖啡,1
甜咖啡喝,1
美式尝尝,1
换成熔岩,1
浓缩分量,1
外面太热,1
腻换成,1
清凉样子,1
口味清淡,1
看着清凉,1
清淡奶,1
太热店,1
附近打卡,1
米苏末,1
融汇东大街,1
森带,1
风格挺,1
西红柿里面,1
喝带有,1
对面之前,1
酒店旁,1
先森,1
包装设计,1
比较个性,1
路过再,1
靠窗排,1
铁比较,1
吃美食,1
风不同,1
老板特别,1
里想,1
下单饮品,1
可坐最多,1
大众下单,1
特别用心,1
积分消费,1
取名感觉,1
托西红柿,1
种草饮品,1
特权小胖,1
春熙路花样,1
地址春熙路,1
建议价格,1
饮品取名,1
试试饮品,1
东大街对面,1
花样堡,1
小胖先,1
带有菠萝,1
算北欧,1
首富包装,1
饮品地址,1
里面苦瓜,1
店门面,1
铁海岛,1
确认下单,1
融汇太古,1
商店生意兴隆,1
街走,1
指导大众,1
放根,1
穿街,1
暂时坐,1
排位置,1
推一家,1
后面比较,1
朋友过来,1
服务服务员,1
谭鸭血,1
做好直接,1
遗憾没有,1
方向走,1
过来已经,1
是否参加,1
里穿,1
基本建议,1
已经做好,1
帮忙指导,1
大众常,1
建议堂,1
帮忙确认,1
春熙路谭,1
鸭血路上,1
刚好晶,1
给朋友买了,1
融汇方向,1
一杯水果,1
果饮品,1
店外放,1
根凳子,1
买了一杯水,1
服务员细心,1
巷过来,1
饮品是否,1
一家主打,1
居然穿,1
走巷,1
常推,1
享受慢生活,1
普通冰,1
买没有,1
烤牛角,1
做蛮好,1
宅家里,1
加油,1
一线医护人员,1
华西抗疫,1
爱用加,1
饮华西抗,1
手写祝愿,1
疫加油,1
疫一线,1
饮品暖,1
饮青年,1
暖杯,1
一定会花费,1
制作配送,1
时期一定会,1
饮方式,1
现烤,1
店里卫生,1
选咖啡馆,1
会活动,1
成都转,1
类似店,1
认识店,1
得到照顾,1
回成都,1
一家类似,1
事情并不,1
武汉一家,1
能够得到,1
做类似,1
会聊天,1
时间很快,1
做东西,1
店做,1
已经以前,1
之间时间,1
知道情况,1
特殊时期,1
花费更多,1
看到加,1
一直坚持,1
走很远,1
期间自发,1
坚持很久,1
咖啡送,1
失望颜值,1
铁来完全,1
摆拍嘻嘻,1
选址太古,1
简洁性冷淡,1
遗憾个位,1
角度摆拍,1
聊聊天选址,1
坐着聊聊天,1
店面简洁,1
窗边角度,1
咖啡馆坐着,1
选窗边,1
咖啡店走,1
很久阳光,1
爱咖啡店,1
环卫工人送去,1
新闻看到,1
更多时间,1
时间一直,1
医务人员送去,1
店儿发现,1
店家环卫工人,1
来到店儿,1
盖盖来到,1
自发一线,1
阳光甚好,1
春意饮品,1
送去春意,1
饮品熔岩,1
很远疫情,1
挺浓郁,1
送去咖啡,1
开心武汉,1
伟大事情,1
温暖推荐,1
太太太,1
希望保护,1
伙伴关系挺好,1
免费医院社区,1
医院社区配送,1
店里伙伴关系,1
熟悉店里,1
朋友圈咖啡店,1
就近外卖,1
打卡太多,1
太太了不起,1
真的打卡,1
配送咖啡,1
咖啡店免费,1
咖啡推,1
加油成都,1
没想到熟悉,1
加油武汉,1
依然方式,1
方式一线,1
结束店,1
医护工作者,1
相信更多,1
最早报道,1
一线需要,1
文成为,1
尝尝杯,1
工作者送温暖,1
店尝尝,1
疫情面前,1
充满爱,1
感谢疫情,1
温暖咖啡,1
一线医护,1
疫情结束,1
杯充满,1
面前依然,1
爱温暖,1
看到朋友圈,1
出门喝,1
慢慢来到,1
办法出门,1
不在乎给予,1
见面女孩子,1
不经意之间,1
极抽,1
会流过,1
大媒体知道,1
一线护士,1
变成心中,1
想到一线,1
不错想到,1
以前样子,1
东西味道,1
护士能够,1
女孩子一起,1
事情相似,1
一起抽烟,1
给予温暖,1
杯新产品,1
并不顺心,1
聊天缘分,1
来到店里,1
熟悉一家,1
非常熟悉,1
太多非常,1
之前看到,1
勇敢的人回,1
心中勇敢的人,1
有一搭没一搭会,1
特别有一搭没一搭,1
类似善举,1
抽玉溪,1
缘分写下,1
玉溪感觉,1
善举伟大,1
样子大媒体,1
相似不在乎,1
看起来不起眼,1
性冷淡装修,1
很高牛奶,1
疫情做,1
上当外卖,1
外卖挂,1
耳包,1
华西医院护士,1
很有爱心,1
急诊科收到,1
杯急诊,1
急诊一线,1
爱心咖啡,1
收到爱心,1
医务人员带来,1
字字暖心,1
确幸,1
温暖确,1
带来温暖,1
每杯手写,1
手写字体,1
流畅富有,1
包嘻嘻,1
美式买不到,1
特意选,1
吃亏买不到,1
杯传说中,1
回味起来,1
丢苦,1
后面丢,1
起来泛,1
味确实,1
在家办公,1
价格便宜好喝,1
禁足在家,1
情况禁足,1
好喝爱,1
着实喜爱,1
满足嘴,1
想满足,1
特殊情况,1
买不到上当,1
买不到吃亏,1
通通收到,1
倍感亲切,1
亲自送货,1
咖啡意,1
新冠,1
市民杯,1
已经战士,1
国家战,1
家庭国家,1
杯科室,1
以后粉,1
疫情老板,1
太感动,1
太温暖,1
老板送,1
非常喝,1
融化好喝,1
纪念币路过,1
巧克力融化,1
领纪念币,1
味道甜,1
消灭新,1
关心温暖,1
保卫家庭,1
定能战胜,1
咖啡工作者,1
富有温度,1
贵咖啡,1
感谢贵,1
老板亲自,1
工作者支持,1
感谢老板,1
战胜艰难险阻,1
好心市民,1
众志成城消灭,1
消灭瘟疫,1
您们关心,1
冠肺炎,1
瘟疫战争,1
必须众志成城,1
感谢好心,1
传说中咖啡,1
后面回味,1
喜欢焦糖,1
点评不要,1
杯子写,1
特别暖心,1
感觉挺好,1
看得里面,1
里面样子,1
话语觉得,1
鼓励温暖,1
印象感觉,1
写鼓励,1
觉得特别,1
华西急诊科,1
真的太棒,1
咖啡店值得,1
咖啡华西,1
截图告知,1
老板疫情,1
店朋友们,1
温暖话语,1
也挺可爱,1
饮料杯子,1
外带走,1
附近很小,1
超特意,1
融合超,1
适合选,1
子大部分,1
真的适合,1
比较遗憾,1
成都真的,1
看着也挺,1
风格比较,1
只能外,1
大部分时间,1
时间只能,1
医护人员咖啡,1
特别是在疫情,1
连锁咖啡店,1
成都抗,1
成都温暖,1
泛甜,1
告知喜欢,1
相关报道,1
不了外卖,1
以后店里,1
店里补上,1
故事不了,1
补上杯,1
暖心咖啡,1
杯暖心,1
温暖故事,1
看到知道,1
挺划算,1
看见套餐,1
套餐挺,1
网上看见,1
试试岩溶,1
岩溶铁,1
焦糖味,1
期间一直,1
不要认为,1
一直送,1
东西觉得,1
商家能够,1
应该分享,1
希望商家,1
老粉丝,1
希望大众,1
推荐朋友,1
觉得最好,1
必须推荐,1
觉得精神,1
精神真的,1
能够越来越,1
代表成都,1
认为广告,1
成为成都,1
觉得应该,1
推荐成为,1
微博搜索,1
令感动,1
咖啡品种,1
买了三杯,1
太厉害,1
上面那一层,1
小店不大,1
店里坐,1
绝小店,1
那一层提拉,1
简直绝,1
味道简直,1
不加钱,1
米苏不加,1
遇到好喝,1
店铺太小,1
分店店铺,1
店铺租,1
只能打包,1
难得遇到,1
开分店,1
三杯喝,1
成都买来,1
外卖订单,1
买来喝,1
高级感,1
店可谓,1
口味吃,1
做好杯,1
长期下去,1
认真改进,1
想三星,1
下去觉得,1
老板认真,1
环境实在,1
会很久,1
希望老板,1
吃口,1
坚持做好,1
会差,1
感会,1
导致会,1
不能坐下,1
味道继续,1
继续保持,1
希望开,1
问题说,1
冻成冰淇淋,1
凝缩咖啡,1
单跟外卖,1
坐在老,1
店单跟,1
杯坐在,1
淋凝缩,1
米苏冻成,1
出名提拉,1
基底牛奶,1
茶馆竹,1
下面基底,1
竹椅子,1
放入冰淇淋,1
吃火锅小伙伴,1
酸奶集合,1
希望改进,1
不能冰,1
回避问题,1
下边杯,1
钱更,1
味道不好评测,1
咖啡味道不好,1
冰激凌熔岩,1
上边冰淇淋,1
冰激凌味道,1
饮料下边,1
稍腻,1
改进态度,1
冰块杯,1
杯冰块,1
咖啡够,1
说上边,1
直接回避,1
够意外,1
店员不能,1
口下面,1
口上面,1
实在有点,1
小伙伴推荐,1
爱一家,1
想老板,1
还好选,1
酥皮脆,1
腻原味,1
牛角颂,1
指提拉,1
美式招牌,1
做法熔岩,1
做好自提,1
熔岩指,1
选美式,1
颂袋子,1
点评买单,1
颂好吃,1
新颖做法,1
饮品做好,1
说好吃,1
真的成都,1
门口路上,1
纠结喝,1
新品成都,1
老板选址,1
选址真的,1
小哥说,1
路上等候,1
香适合,1
回偶遇,1
红火锅,1
特别妙,1
希望相遇,1
好吃回,1
发现咖啡店,1
姐姐镇,1
小时小伙伴,1
咖啡回,1
颂小时,1
装颂,1
买单支付,1
排队等待,1
比较新颖,1
有点挫,1
冰淇淋喝,1
一家餐饮店,1
实在太少,1
上面自制,1
口味星,1
可谓惊艳,1
漫长排队,1
吹黑,1
加上漫长,1
服务员实在,1
赞爆,1
店口味,1
奶相当,1
吃惯,1
店铺真的,1
真的丝,1
冰淇淋奶,1
原谅店家,1
口味五星,1
更完美,1
建议加热,1
提示大众,1
加热更,1
支付优惠,1
喜欢装,1
买单没有,1
推荐前往,1
前往服务,1
惯甜品,1
没有提示,1
丝顺滑,1
口味实在太,1
吃出高级,1
实在太赞,1
服务员很棒,1
香回甜,1
奇妙化学,1
咖啡酸奶,1
做力所能及,1
附近排号,1
落地窗前,1
热闹非凡火锅店,1
春熙路热闹,1
窗前慢慢,1
不失为浪漫,1
旁边热闹非凡,1
味道功,1
显得门店,1
显得温馨,1
价格挺好,1
倒显得,1
门店特别,1
菜品时间,1
太记得,1
浪漫选择,1
喝具体,1
时间有点,1
热闹纱帽,1
坐在落地,1
成都茶馆,1
医生提供,1
推荐种草,1
愿好人,1
好人一生,1
良心老板,1
豆子做,1
铁丝,1
一生平安,1
疫情突然,1
加上品质,1
突然来临,1
品质确实,1
提供咖啡,1
店免费,1
老板得到,1
公众看到,1
不错已经,1
得到支持,1
贴着春联,1
门口贴着,1
牛角好好,1
真爱咖啡店,1
咖门那,1
喝一杯美式,1
请医护人员,1
门那推,1
需要喝杯,1
美式例行,1
默默地疫情,1
成为爆款,1
看见博文,1
感动流泪,1
更多默默地,1
力所能及事情,1
能够亲临,1
咖啡最早,1
疫情一线,1
例行云,1
默默地做,1
华西医院医护人员,1
医护人员疫情,1
全国所知,1
舒服社区,1
太酥,1
社区咖啡店,1
经常光顾,1
脏之前,1
环境木质,1
团购送,1
感觉舒服,1
真的好好,1
亲临店里,1
很好很好,1
感觉以后,1
特别刚,1
图知道,1
会经常,1
武汉加油,1
中国加油,1
成都华西医院医生,1
免费成都华西医院,1
里比较,1
很快做好,1
很少走过,1
味道味道,1
托绝对,1
每次酒精,1
绝对每次,1
时间装修,1
店里年轻人,1
值班小盆友,1
门店自提,1
差甜味,1
小盆友做,1
路过门店,1
甜差,1
再加糖,1
闭店,1
咖啡现,1
年轻人很快,1
嫌麻烦,1
低调糖,1
反正味道,1
好久没春熙路,1
蛋糕牛奶,1
隔壁排队,1
再淋,1
化学实验,1
集合店,1
椅子喝,1
老成都,1
芝麻调香,1
新品忍不住,1
麻烦要来,1
芝麻慕斯,1
浓郁芝麻,1
慕斯喜欢,1
味蕾瞬间,1
瞬间翻滚,1
略微低调,1
没有闭,1
外食,1
店可能,1
做早餐,1
晒太阳充电,1
调味咖啡,1
淡白,1
特点晒太阳,1
似乎调味,1
送饼干,1
比起传统,1
包装不错,1
咖啡似乎,1
充电生,1
更新式,1
传统咖啡,1
白属于,1
整店,1
脏更,1
属于独立,1
老特点,1
新式奶茶,1
奶茶咖啡店,1
比较寡淡,1
搭配暖阳,1
没有再,1
熔岩铁加,1
米苏堪称,1
铁加一块,1
一块提拉,1
继续吃香喝辣,1
完美下午茶,1
疫情早日,1
寡淡整,1
疫情渐渐,1
堪称完美,1
早日结束,1
渐渐得到,1
希望疫情,1
得到控制,1
像是奶茶,1
特色咖啡店,1
便宜咖啡,1
先杯,1
自动柔焦,1
店名想起,1
芝麻香味,1
近视眼自动,1
清爽糖,1
吃火锅关门,1
电影大佛,1
茶恩,1
香味有点,1
托味道,1
里近视眼,1
飞机吃火锅,1
遗憾味道,1
黑夜里,1
有点遗憾,1
没有芝麻,1
想起电影,1
顶上奶,1
窗外人来人往,1
糖微酸,1
毕竟开在,1
落地窗黑夜,1
种草店,1
好喝容易,1
后面外卖,1
脱咖啡,1
不错咖啡因,1
容易腻,1
咖啡因太,1
强睡着,1
之前小伙伴,1
太舒适,1
位置不错,1
太强,1
环境太,1
喜欢店门,1
店门落地窗,1
浓度黑芝麻糊,1
大佛普拉斯,1
团购券,1
拔草一家,1
试招牌,1
记得大众,1
楼上吃完,1
吃完午餐,1
偶遇咖啡,1
饮品不错,1
本来只想,1
哥哥呆,1
呆萌,1
杯不错,1
团杯,1
马上大众,1
火网,1
仔细网上,1
门口拍,1
网上火,1
拍照片,1
口热热,1
可坐位置,1
坐在门口,1
只想坐在,1
午餐下楼,1
自然客流量,1
起来细腻,1
朋友称赞,1
清凉薄荷味,1
临街太古,1
有点清凉,1
很大小众,1
小众网,1
附近写字楼,1
下楼偶遇,1
客流量不会,1
热博士,1
喜欢装修,1
风很大,1
位置非常,1
不会少,1
里近,1
总结熔岩,1
小伙伴种草,1
白也不错,1
失败尝试,1
长好像,1
里后面,1
住地方,1
买吃,1
外卖都是点,1
想去星,1
想着喝,1
火锅想着,1
知道店里,1
摩卡黑芝麻,1
摩卡咖啡味,1
勉强喝完,1
券尝,1
不错券,1
浓有点,1
排队火锅,1
点评不错,1
吃忘,1
性价比低,1
感觉甜,1
真好成都,1
拍摄新品,1
摄影师拍摄,1
比较拥挤,1
特别味道,1
好像王宝强,1
店里追,1
忘店里,1
店员小哥,1
味道香,1
近路感觉,1
地方近路,1
相比太古,1
好喝感觉,1
小哥长,1
玩喝过,1
后面性价比,1
查点评,1
咖啡查,1
希望出点,1
成都失败,1
甜本来,1
怕到手,1
温度稍微,1
想想有点,1
温度合适,1
合适原本,1
毕竟怕,1
热糖,1
手包装,1
铁选,1
有点矛盾,1
稍微高,1
竟然明显,1
明显喜欢,1
不敢再,1
出点脱,1
容易睡不着,1
本来甜,1
店家温度,1
好像新品,1
服务不到,1
直接放弃,1
有点太,1
店写,1
只能说,1
闺蜜果,1
买闺蜜,1
闺蜜买,1
说优惠,1
包装完好,1
没有说,1
完好密实,1
密实温度,1
备注店家,1
原本百利,1
到手凉,1
外卖好像,1
开在寸土寸金,1
热热铁,1
撒咖啡,1
贴心环境,1
很好满意,1
特意电话,1
送到热,1
重要特意,1
咖啡重要,1
坚持装修,1
装修现场,1
管理清楚,1
清楚服务,1
电话联系,1
现场管理,1
环境没有,1
没有现场,1
花茶料,1
刺激性味道,1
喝花茶,1
装修遮挡,1
联系店铺,1
饿坚持,1
米苏加,1
铁冷,1
巧克力酱,1
外卖旁边,1
旁边贤,1
以前外卖,1
比较清爽,1
腻可能,1
脏太,1
爱巧克力,1
酱没有,1
冰原因,1
没有惊喜,1
免得外卖,1
店铺烫,1
外卖冷,1
细致贴心,1
冷饿,1
包装细致,1
花茶太,1
有点刺激性,1
外面墙体,1
路边边上,1
装划算,1
东西随口,1
阔爱,1
吃火锅路上,1
随口问,1
回购试,1
试口味,1
顺便买,1
摆包装,1
爆爆,1
买盒,1
结账看到,1
油爆,1
看到前台,1
路上电梯,1
杯装,1
据说带,1
前台摆,1
咖啡盒,1
盒袋,1
口味过段时间,1
墙体装修,1
算醒目,1
招牌算,1
跟着定位,1
定位找到,1
咖啡应该,1
太喝,1
算下来买,1
冲泡咖啡,1
过段时间汇报,1
还算阔,1
花果香,1
耳冲泡,1
盒试试,1
包装阔,1
带花果,1
感觉上辈子,1
上辈子巧克力,1
觉得店,1
接受配合,1
会偏,1
做速度,1
一家比较,1
现场不会,1
柔软顺滑,1
顺滑喝,1
熔岩铁打,1
外带为主,1
铁打超,1
配合下层,1
很小温馨,1
爱上层,1
中甜腻,1
风格偏,1
甜接受,1
偏系,1
更好杯,1
里周围,1
比较店,1
容易找到,1
有点奶茶,1
茶铁挺香,1
铁和博士,1
店名贴合,1
寸土寸金春熙路,1
甜品不容,1
速度熔岩,1
不容错过,1
吃甜品,1
加口,1
导航容易,1
奶茶感觉,1
不会太久,1
外卖特别,1
设计有趣,1
咖啡设计,1
建议糖,1
超爱,1
附近搜到,1
比较普通,1
奶香味,1
伯爵糖,1
饮料咖啡,1
点评火,1
知道排行,1
排行高,1
巧克力更,1
同事过去,1
更饮料,1
约同事,1
专门约,1
明显没有,1
是不是心理作用,1
新品丸子,1
打卡店,1
试新品,1
味道最好,1
店味道,1
会开,1
独立品牌,1
咖啡正,1
小众咖啡,1
香味比较,1
每次咖啡,1
咖啡总体,1
本来每次,1
偶尔转到,1
转到这边儿,1
这边儿爱上,1
爱上拥挤,1
比较好玩,1
消咖啡,1
反正咖啡,1
清新门店,1
试试独立,1
惯快,1
好像后面,1
快消,1
咖啡表面,1
碰到摄影师,1
超纠结,1
感拉,1
仔细研究,1
存在感,1
老板正在,1
已经成功,1
正在做,1
团子好吃,1
卡挺,1
总体黑糖,1
无敌小店,1
外带包装,1
果果感觉,1
属于排排坐,1
吃果果,1
用心琢磨,1
琢磨值得,1
大部分打包,1
感觉用心,1
拉低,1
做好吃,1
糯程度,1
咖啡存在,1
消费特别,1
没有优惠,1
网上没有,1
店里老板,1
看得出来用心,1
看见店里,1
黄豆粉咸,1
甜很香,1
口感柔和,1
咸甜,1
口味调试,1
其实好喝,1
咖啡刚好,1
糍粑做,1
刚好看见,1
咖啡网,1
成功咖啡,1
紧凑基本,1
试试一家,1
包装感觉,1
基本大部分,1
渔正对面,1
钟爱伯爵,1
伯爵铁,1
蛮好找,1
姐姐礼貌,1
很高饮品,1
依然钟爱,1
礼貌热情,1
独特口味,1
口味依然,1
里晶,1
高口味,1
推荐尝试,1
位置位置,1
一直想去,1
店里空调,1
想去打卡,1
基本只能,1
之外方面,1
每一次没有,1
发现牛角,1
做很棒,1
托黑糖,1
真的心水,1
踩雷过,1
桃胶铁,1
包宝藏,1
店铺店铺,1
之前喝过,1
只能带走,1
宝藏产品,1
面积太小,1
喜欢海岛,1
带走之外,1
太小基本,1
买每一次,1
店铺面积,1
咖啡新,1
店空间,1
咖啡必须,1
肺解酒,1
可惜没有,1
老板准备,1
去火健胃消食,1
健胃消食生津止渴,1
肺虚咳嗽,1
降血压利尿,1
生津止渴活血,1
清热去火,1
止咳降血压,1
里面洛神花,1
敛肺,1
擅长熔岩,1
解酒止咳,1
洛神花性,1
选伯爵,1
利尿清热,1
女神花茶,1
只能喝,1
每次只能,1
喝扔,1
一家特色,1
纠结真的,1
加巧克力,1
真的很难,1
最后杯,1
价格便宜,1
喝超,1
很难选择,1
觉得一家,1
真的胃口,1
里加,1
脱因咖啡豆,1
准备脱因,1
强烈建议老板,1
没有脱因,1
鸳鸯神仙,1
神仙咖啡,1
消斑,1
活血补血,1
空间不大,1
鸳鸯女神,1
三杯排,1
饮品品种,1
差点走过,1
实物好看,1
很久队,1
排很久,1
图片实物,1
特别划算,1
生意真的,1
活动特别,1
试一下消费,1
过来试一下,1
咖啡续命,1
春熙路卖,1
几乎打包,1
打包喝,1
开太久,1
感兴趣尝尝,1
惊艳还行,1
哥哥挺帅,1
高血压种子,1
具有敛,1
花茶里面,1
斑消除,1
咳嗽醉酒,1
美容消,1
醉酒高血压,1
补血美容,1
消除疲劳,1
治疗作用,1
疲劳功效,1
种子很好,1
性凉,1
系列冰,1
总体失望,1
更擅长,1
很好治疗,1
糯米粉团,1
打卡加,1
试试颂,1
落地窗忙碌,1
对面街上,1
很小咖啡,1
整体面积,1
热更,1
提拉米苏里,1
米苏香味,1
香味蛋糕店,1
藏提拉,1
蛋糕店好吃,1
菜单饮品,1
甜点咖啡,1
顺路喝,1
甜味基本,1
感觉甜点,1
口酸味,1
咖啡不算,1
没有涩,1
忙碌店员,1
店员靠墙,1
新品咖啡,1
明亮落地窗,1
庄旁边,1
简洁感觉,1
装饰杯,1
装修装饰,1
很大店铺,1
甜不会,1
复杂装修,1
推荐很高,1
开门店,1
杯推荐,1
觉得熟悉,1
口觉得,1
朋友提醒,1
没有复杂,1
招牌大大的,1
随便喝喝,1
长条椅,1
味道赞,1
入口真的,1
选择招牌,1
咖啡比较,1
超开心,1
讲真,1
吃饭,1
成都突然,1
一直人气,1
难得到,1
说买了,1
满意口味,1
包装非常,1
服务满意,1
非常特色,1
店里比较,1
米苏面上,1
奶油糖霜,1
糖霜撒,1
感觉提拉,1
面上奶油,1
市中心吃,1
完毕朋友,1
突然降温,1
都挺旺感觉,1
咖啡实现,1
基本藏,1
香没有,1
实现口,1
不好不敢,1
人气都挺旺,1
请喝一杯,1
香橙真是,1
买了优惠,1
优惠劵,1
杯茉莉,1
真是暖心,1
居然果汁,1
果汁系列,1
真胃,1
得到市中心,1
尝试饮品,1
店招很大,1
很高熔岩,1
试试冰,1
咖啡喝过,1
外卖盖,1
盖面上,1
后面每一次,1
铺面喝,1
咖啡基本上,1
基本上咖啡,1
遗漏问题,1
面上都会,1
担心漏,1
一直外卖,1
再也担心,1
没有铺面,1
最先没有,1
店里员工,1
来来往往骑手,1
包装袋来来往往,1
每一次外卖,1
外卖老是,1
都会滤纸,1
空调开,1
怕冷星,1
团木棍,1
朋友打卡,1
比较显眼,1
程度刚好,1
太友好,1
星感觉,1
开足,1
老是遗漏,1
终于成功,1
成功朋友,1
从来没店,1
内部提过,1
冷萃咖啡,1
咖啡冷萃,1
铁也很棒,1
骑手哥,1
原本饮品,1
提醒提拉,1
实际饮品,1
面包黑,1
看起来舒服,1
咖啡快递,1
没想好,1
想好吃,1
情况今早,1
快递路上,1
办公室咖啡,1
简单看起来,1
起床没,1
看看外,1
外卖,1
整体情况,1
没想起来,1
熟悉没想,1
液化提拉,1
熔岩液化,1
包装精致,1
酸奶味,1
今早看看,1
咖啡密封性,1
融合很好,1
朋友杯,1
生意应该,1
店里颂,1
外卖手绘,1
手绘图案,1
颂真的,1
密封性很好,1
面包包装,1
味牛角,1
独占袋子,1
新买咖啡,1
咖啡喝完,1
今早起床,1
白色杯子,1
舒服酸奶,1
融合舒服,1
路网红,1
做鸳鸯,1
美式双倍,1
口感冰激凌,1
双倍浓缩,1
肮脏分层,1
绵密程度,1
身边来去,1
浓缩加水,1
无关薄荷,1
需要等位,1
凳舒服,1
咖浓郁,1
分层扫,1
咬嘴里,1
店刚刚好,1
来不及打扫,1
干掉一大,1
熔岩讲,1
冲动食欲,1
冰激凌厚重,1
竹凳子,1
没有及时,1
子方木,1
宽地方,1
带走服务,1
味更,1
甜中,1
吃一块,1
先吃,1
会提前,1
中含,1
特别会,1
中带,1
不失精致,1
奶水在,1
水在冷冻,1
米苏风味,1
方木凳,1
好似渣渣,1
来去波,1
店家无关,1
风味奶,1
口干掉,1
不忍怕,1
渣可能,1
星卖,1
分离原因,1
怕口,1
可能奶,1
卖空间,1
造型太,1
看到记得,1
及时清理,1
住喜欢,1
程度并不,1
并不突出,1
确定爱,1
高峰需要,1
老板看到,1
人员不够,1
中分离,1
粉确定,1
含奶,1
滑考虑,1
太不忍,1
冰渣,1
扫粉,1
波来不及,1
喝完怕,1
怕腻,1
一大口感,1
配人手,1
腻住,1
开头必须,1
讲开头,1
考虑吃火锅,1
记得高峰期,1
打扫老板,1
精致感,1
高峰期配,1
冷冻过程,1
怕喝,1
茶环境,1
提前提示,1
泰式口味,1
之后简直,1
外表没有,1
更便宜,1
铁一起,1
一家经常,1
姐说,1
会相似,1
化吃,1
想推荐,1
会光,1
价格更,1
不含咖啡因,1
单独再来,1
叫外卖打包,1
咖啡不含,1
大大的赞,1
店大大的,1
说媲美,1
冰淇淋会,1
推荐看见,1
其实冰淇淋,1
忍住口,1
打卡之前,1
长得好看,1
经常咖啡店,1
看见深深,1
简直太大,1
光外表,1
太大惊喜,1
下面选,1
媲美价格,1
口吃完,1
剩下杯,1
深深吸引,1
盖铁,1
喝丝,1
剩下化,1
想要单独,1
泰茶牛奶,1
更浓,1
米苏可可粉,1
过道宽,1
剩下过道,1
一块冰淇淋,1
赞饮品,1
雨天喝,1
咖啡混合,1
咖啡一体,1
位置霸王,1
太惯,1
一体组合,1
治愈感觉,1
爆咖啡,1
牛奶味道,1
刷爆,1
虾附近,1
含苦,1
估计怕,1
提示等待时间,1
杯冰淇淋,1
足足六大,1
咖啡香味浓,1
米苏泰茶,1
适合叫外卖,1
铁颜值,1
陈赫开,1
靠近陈赫,1
颜值刷,1
味浓可可粉,1
可可粉冰淇淋,1
火锅店贤,1
可可粉香味,1
店员操作台,1
甜度适宜,1
饮品冰淇淋,1
比起冰淇淋,1
午茶,1
除去店员,1
垃圾没有,1
可能人员,1
准备先尝,1
泡顺滑,1
米苏芝士,1
绝黑糖,1
虎纹挂壁,1
骄阳四射,1
黑糖滋味,1
曼妙大雨如注,1
凤梨果肉,1
酒味茶味,1
嚼香茅,1
双份浓缩,1
外带性价比,1
润桃胶,1
果肉晶莹,1
闷热难耐,1
夏日百利,1
香茅融入,1
好喝清凉,1
滋味醇正,1
桃胶凤梨,1
喝到图片,1
朝九晚实习,1
其实普通,1
以前地方,1
太找,1
更含,1
问做,1
起来已经,1
相当好喝,1
盖咸,1
仿佛吹来,1
吹来沙滩,1
四射闷热,1
圆黑糖,1
心潮澎湃愉悦感,1
怀念朝九晚,1
愉悦感罪恶感,1
房黑啤,1
挂壁十分,1
浓缩芋,1
咸滋滋,1
圆提拉,1
饮品更胜一筹,1
味道芋,1
早起咖啡店,1
酸甜仿佛,1
浓缩互补,1
咖啡店怀念,1
优惠芋,1
滋滋感觉,1
铁芋,1
认证好喝,1
完全甜腻,1
迸发丝,1
库存早起,1
反正奇妙,1
盖舔,1
茶味更,1
时隔太久,1
温暖热饮,1
咖啡店驻足,1
翻腾活跃,1
板熔岩,1
优秀双份,1
好喝咖啡店,1
桃胶现,1
点卡团购,1
晶莹弹,1
喝外带,1
活跃气泡,1
甜腻咖啡,1
风味曼妙,1
巴适板,1
罪恶感绝,1
更胜一筹时常,1
气泡新鲜,1
浓缩清爽,1
柠檬酸甜,1
煮芋,1
看得心潮澎湃,1
路过来,1
已经咖啡,1
位置太,1
终于空,1
喜欢提拉,1
最后提拉,1
中间薄荷,1
好喝铁,1
店种草,1
好喝爆炸,1
装修浮夸,1
清新夹,1
小巷子,1
夹中间,1
沉淀下来,1
穿小巷,1
样子咖啡,1
追评,1
行程取消,1
旁边装修,1
有空再,1
浮夸火锅店,1
凑巧恰好,1
清爽香甜,1
机会喝到,1
喝到网,1
喝到追,1
好久没喝过,1
已经好久没,1
希望喝到,1
座位非常少,1
恰好没了,1
空走来,1
没法摆拍,1
米苏样子,1
要来喝,1
摆拍熔岩,1
回味悠长,1
种草咖啡店,1
喝过好喝,1
悠长有空,1
查早餐,1
基本没法,1
办事路,1
早餐店,1
进门吧台,1
纸袋堆,1
十二分钟,1
等候十二分,1
吧台座位,1
柜台堆,1
充当奶,1
加上奶油,1
进城办事,1
外卖做,1
忍不住问,1
共计拿到,1
推店,1
铁加上,1
经常推,1
普通铁,1
做堂,1
彭芝士,1
外卖纸袋,1
争先恐后单子,1
走之前,1
评走,1
会沉淀,1
成都查,1
取消终于,1
走过来,1
子走,1
铁非常,1
堆外卖,1
英文提拉,1
下单等候,1
地方开过,1
开过奶茶店,1
陈赫火锅,1
马斯卡彭,1
小哥争先恐后,1
淡奶油充当,1
冰淇淋剩下,1
熔岩长得,1
成都风味,1
看看评论,1
口没想到,1
味道应该,1
应该苦,1
特别惊喜,1
设计装修,1
之前看看,1
觉得设计,1
起来更多,1
不太能接受,1
中间小店,1
减分项目,1
咖啡不酸,1
咖啡师知会,1
应该减分,1
拉米苏奶盖,1
甜咖啡师,1
确实不太能,1
更多咖啡,1
简约特别,1
颜值不用说,1
最后打包,1
想店里,1
想着味道,1
桌面上全,1
觉得还行,1
试一下之前,1
还行没有,1
打卡冰淇淋,1
冰淇淋居然,1
冰淇淋印象,1
也许冰淇淋,1
挺简约,1
居然甜,1
没想到冰淇淋,1
好好享用,1
倒是挺,1
装修倒是,1
全外卖,1
苏奶盖真的,1
操作台展示柜,1
知会巨,1
展示柜看起来,1
热量比较,1
真的推荐,1
朋友喜欢,1
高适合,1
知道红,1
环境觉得,1
一直知道,1
酪酪,1
酸酪,1
莓酪,1
先点杯,1
喝到果肉,1
底铁底,1
杯龙泉冰,1
汁提香,1
米苏慕斯,1
米苏摩卡,1
觉得看起来,1
路过一直,1
专门买了,1
挺不起眼,1
提拉米,1
咖啡因人而异,1
有点糙,1
吼堂,1
特色熔岩,1
巨甜,1
春熙路网,1
因人而异确实,1
转身,1
庄中间,1
身不方便,1
真的口感,1
不够干净,1
看起来不够,1
接受甜,1
其实路过,1
心血来潮试一下,1
店里拍拍照,1
咖啡不出,1
办法调置,1
做顶,1
铁必须,1
住酒店,1
座位已经,1
酒店附近,1
顶会,1
原本想,1
晚走,1
必须安排,1
发现原本,1
准备走,1
前晚,1
已经坐,1
走发现,1
没发现,1
不用再多,1
于是种草,1
口确实,1
路过没,1
本来担心,1
担心提拉,1
忙不过来只能,1
服务忙不过来,1
米苏做,1
组合很妙,1
要来打卡,1
退房要来,1
鸳鸯茉莉花茶,1
果断退房,1
已经很忙,1
打卡行,1
咖啡店住,1
导航很好,1
咖啡组合,1
确实惊艳,1
路过成都,1
晚路过,1
再多说,1
想摆在,1
从来没进来,1
摆在门口,1
咖啡拿到,1
酒店对面,1
上面加,1
经常看见,1
大概以后,1
大概十分,1
大概左右,1
非常期待,1
老板告诉,1
没有排队,1
其实非常,1
没有等待,1
里面没有,1
非常高,1
非常想,1
告诉说,1
不出好坏,1
东西完了,1
同样招牌,1
看见咖啡,1
加可可粉,1
要来拔草,1
颜值非常,1
可可粉苦味,1
纱帽街口,1
有一点可可粉,1
拔草冰淇淋,1
招牌提拉,1
品尝浓烈,1
刚好过来,1
应该提拉,1
街口大概,1
浓烈咖啡,1
龙堡,1
地理位置不用,1
冰淇淋东西,1
奶油东西,1
酪提拉,1
颜值口感,1
先尝冰淇淋,1
坐下服务,1
放有点,1
仅感受,1
男生一直,1
习惯热,1
东西放,1
吃挺,1
服务女生,1
担心吃,1
一直马,1
价格摆在,1
关键违和,1
味全鲜奶,1
展示牌推荐,1
店员味全,1
开在陈赫,1
排在大众,1
操作间感觉,1
真是老,1
看着担心,1
薄荷叶青柠,1
态度真是,1
口味巧克力,1
运气男生,1
热美式,1
客人坐下,1
坚果味,1
有点清澈,1
清澈感,1
小屋子,1
有点滋味,1
外表看起来,1
间小屋,1
环境临街,1
有点窗,1
女生服务员,1
尽量客人,1
一大杯,1
杯子,1
看到展示牌,1
违和特别,1
陈赫火锅店,1
切提拉,1
看到店员,1
特别搭,1
注意改进,1
推荐图片,1
融合一起,1
服务全程,1
门口看到,1
一起关键,1
推荐服务,1
终于时间,1
关键没有,1
没有带,1
光喝铁也,1
挺不错熔岩,1
选铁或,1
铁也挺不错,1
铁或摩卡,1
味道确实,1
全程制作,1
表面放,1
有点杂乱,1
店家用料,1
用料良心,1
首页咖啡店,1
液冰块,1
熔岩走到,1
确实好呀,1
里外坐,1
大众首页,1
带口罩,1
火锅店旁边,1
好奇杯,1
制作店员,1
店家注意,1
时间打卡,1
放切,1
走到门口,1
颂外表,1
浓郁味道,1
马着脸,1
饮品踩,1
口感酸甜,1
风味桃子,1
量杯觉得,1
香甜可口,1
摩卡底,1
安利很久,1
烤椰,1
清新淡雅,1
酸甜香,1
清新爽口,1
果肉纤维,1
刚好尝尝,1
捣压,1
一直提拉,1
甜风味,1
熔岩下面,1
新鲜桃子,1
桃子酸,1
甜桃子,1
喝量杯,1
酪新鲜,1
酪龙泉,1
摩卡咖啡上层,1
摩卡熔岩,1
烘培甜点,1
草莓树莓,1
酪草莓,1
冰茶清新,1
去皮捣,1
酸奶百利,1
桃子果肉,1
下面摩卡咖啡,1
果肉去皮,1
咖啡烘培,1
桃子香甜,1
青柠汁,1
茶莓,1
奶油顶,1
口感口味,1
巧克力坚果,1
风味清新,1
套下来性价比,1
许是习惯,1
咖啡屋薄荷,1
夹覆盆子,1
车水马龙靠墙,1
喜欢覆盆子,1
设有坐位,1
方便咖啡屋,1
靠墙设有,1
烤焦相,1
有点烤焦,1
窗位子,1
挺酥脆,1
外面车水马龙,1
滋味团购,1
美式一大,1
遇上运气,1
团购套下来,1
中部分,1
部分加,1
成果肉,1
不用说漂亮,1
顶烤,1
甜点结合,1
主风味,1
香鲜,1
茶香中,1
上层放,1
尝试口味,1
放之前,1
口味优秀,1
加酸奶,1
成都刚好,1
很久成都,1
点评看到,1
之前大众,1
压成,1
无畏寒冷,1
难耐走出,1
街头咖啡店,1
撒味苦,1
档口存活,1
冰渣渣,1
冰淇淋漂浮,1
香草口味,1
新品冰淇淋,1
糖浆,1
香味较重,1
打底铁,1
铁种草,1
激烈档口,1
最喜欢糖,1
漂浮铁,1
杯口感,1
绝对甜,1
铁之上,1
整杯,1
竞争激烈,1
冰淇淋香草,1
咖啡店洪流,1
不到平,1
牛奶明治,1
里寻,1
更绝,1
冰淇淋边边,1
冲到不知,1
冻成冰,1
勇于创新精神,1
吃得出来纯牛奶,1
洪流冲到,1
给出满分,1
边边冻成,1
都会加点,1
铁给出,1
铁会冰淇淋,1
味苦可可粉,1
豆子偏酸,1
纯牛奶冰淇淋,1
混合可可粉,1
最早上班,1
反正必须,1
咖啡都会,1
懂得创新,1
店面晶,1
摩卡铁,1
冰淇淋蛋糕,1
蛋糕冰淇淋,1
闲聊路过,1
冰淇淋爱好者,1
极为不起眼,1
下午茶去哪儿,1
路过往来,1
门口桌椅,1
店下午茶,1
对面极为,1
只用花,1
甜结合,1
走过容易,1
咖啡成都,1
口味选择,1
配上可可粉,1
要来店,1
爱好者要来,1
创新会,1
铁接触,1
好吃部分,1
不知地方,1
接触地方,1
已经竞争,1
系列已经,1
会成都,1
咖啡冰淇淋,1
爆热天气,1
坐在闲聊,1
小店咖啡,1
平小店,1
拉米苏冰淇淋,1
换来快乐,1
桌椅坐在,1
热天气里,1
不会过于,1
快尝试,1
店大众,1
成都成都,1
老早就,1
不同探,1
大桥店,1
种类特别,1
没有心动,1
个人咖啡,1
头铁,1
快乐喝,1
详细解释,1
说直白,1
咖啡研究,1
咨询店,1
店咨询,1
喜欢关,1
咨询喜欢,1
并不深,1
合理店,1
试试介绍,1
铁快乐,1
陆续分享,1
冰淇淋吃,1
苦搭配,1
冰淇淋部分,1
更为紧密,1
口步行,1
耐热说,1
话拿着,1
起来甜,1
饮品增加,1
令失望,1
口咖啡,1
快乐杯,1
再顶部,1
粉先,1
口感期间,1
咖啡终于,1
自行查询,1
分享不同,1
粉没有,1
接近式,1
容易化,1
过于甜腻,1
路过太古,1
比较好找,1
熔岩看上去,1
季节限定,1
庄隔壁,1
强烈巨无霸,1
冰淇淋是不是,1
冰淇淋不错,1
安利推荐,1
加上冰淇淋,1
隔壁路口,1
样子路过,1
看上去样子,1
是不是季节,1
知道冰淇淋,1
比较纯,1
首页安利,1
巨无霸安利,1
铁有点接近,1
吃头,1
仔细介绍,1
铁部分,1
站口,1
变得更,1
特别成都,1
解释价格,1
做详细,1
吃成都,1
介绍没有,1
研究并不,1
部分个人,1
增加不同,1
会陆续,1
没有令,1
接受方面,1
更吃,1
花杯,1
里满足,1
瞬间无畏,1
咖啡果,1
火锅买了,1
要求小票,1
加上柠檬,1
最后冰块,1
系列果,1
太肥,1
发生插曲,1
咖啡听,1
姐姐确实,1
确实忙,1
直接冰,1
吃饭方便,1
忙不要,1
附近旁边,1
明明出,1
感觉没想到,1
出服务员,1
肥选,1
意外蛮,1
容易发现,1
绿茶意外,1
薄荷和绿茶,1
龙泉驿水蜜桃,1
冰茶招牌,1
饮果茶,1
限定蜜桃,1
果茶里面,1
当季限定,1
小龙虾火锅,1
拿错明明,1
水蜜桃加上,1
蜜桃系列,1
旁边小龙虾,1
应该龙泉驿,1
杯拿错,1
选当季,1
插曲杯,1
咖啡店感觉,1
听起来,1
食做,1
评价一直,1
之前网上,1
试试看新品,1
当地人爱喝,1
面包香气,1
咖啡店关门,1
不得不马克,1
打包颂,1
进门咖啡,1
出炉面包,1
马克店,1
不要试试看,1
好像当地人,1
旅游过客,1
泡咖啡,1
咖啡搭,1
关门不得不,1
等候座位,1
颂早餐,1
打开面包机,1
茶香咖啡,1
爱喝茉莉花茶,1
天都咖啡店,1
出错误,1
一直一家,1
不要出,1
没有要求,1
咖啡店成都旅游,1
不苦奶,1
回特地去,1
店弥漫着,1
铁加颂,1
开在路网,1
弥漫着刚,1
成都旅游一家,1
成都旅游发现,1
成都旅游连着,1
热铁加,1
连着天都,1
没想到店里,1
柠檬薄荷和,1
建议少冰,1
铁摩卡,1
奔专门,1
奔卡,1
外卖一直,1
一直讨厌,1
更新快,1
初喝,1
价格喜,1
卡选择,1
正常情况,1
冻整盘,1
想能来,1
打卡喝一杯,1
整盘端,1
能来打卡,1
小块提拉,1
冻提拉,1
选拿铁咖啡,1
生意挺好,1
茶样,1
咖啡馆太多,1
熔岩奔,1
里不到,1
中的甜腻,1
会铁更,1
想象中的,1
摩卡铁两种,1
铁更合适,1
讨厌摩卡,1
小众咖啡馆,1
咖啡专程,1
摩卡喝,1
专程奔,1
乐乐茶,1
茶乐乐,1
选择摩卡,1
酸奶好吃,1
成都小众,1
冰淇淋小块,1
冰淇淋盒,1
店里堂,1
出提拉,1
盒更,1
商家放,1
端走,1
希望后面,1
想商家,1
只想说,1
做底,1
真的想,1
里位置,1
直接出,1
会直接,1
买了带去,1
冰喝到,1
小票店里,1
少冰直接,1
带去吃饭,1
店里咖啡,1
咖啡不到,1
好像放,1
里面好像,1
小块真的,1
性价比太高,1
冰淇淋看着,1
摩卡做,1
咖啡性价比,1
饮咖啡,1
放小块,1
商家冻,1
毫不犹豫选,1
最后只想,1
饮品里面,1
提前冻,1
放偷偷,1
更安逸,1
偷偷数,1
创意杯,1
看着商家,1
神奇组合,1
便宜定价,1
名字叫做,1
巧克力牛奶,1
太出彩,1
跑探,1
失落可能,1
出彩地方,1
感觉好看,1
需加油,1
环境坐落,1
想招牌,1
其实咖啡,1
可能期望,1
铁以前,1
铁感觉,1
没想到老板,1
没座位,1
说口感,1
比例比较,1
地方生,1
附本来,1
座位附,1
贵不算,1
冰淇淋化,1
铁百利,1
空调聊聊天,1
甜酒早,1
口感新奇,1
繁华街边,1
店面较小,1
坐落繁华,1
好看饮品,1
没什么风力,1
街边创意,1
失望越大,1
越大失望,1
双流跑,1
有点失落,1
聊聊天朋友,1
脏拍照,1
空调没什么,1
可能没,1
服务方面,1
冰琪淋满分,1
方形冰琪淋,1
认为更,1
乾井井,1
井井舒適,1
內設,1
坐在靠窗,1
大作門,1
打卡這,1
於種簡,1
春熙路鐵,1
景甚好,1
清新風,1
狂風,1
種簡清新,1
站遠,1
設整,1
還錯,1
還錯風,1
找机会,1
终于找,1
没有惊艳,1
混迹特色,1
特色小店,1
味淡稍,1
扒草,1
上面方形,1
妹纸卡,1
稍甜,1
党妹纸,1
首页总是,1
造型吸引,1
口味养,1
养挑,1
可能混迹,1
适合视觉,1
机会扒,1
总是刷,1
视觉党,1
万万没想到,1
咖啡甜酒,1
大老远双流,1
美好咖啡,1
力浓缩,1
新鲜柠檬,1
咖啡时隔,1
饮品相当,1
驻足满足,1
滋味似乎,1
寒冷空调,1
满足咖啡因,1
整体风味,1
总体蛮,1
好感自然,1
好像忘记,1
沙滩风,1
丰满喝,1
怀念成都,1
互补完全,1
早就感受,1
糯非常,1
似乎冷门,1
咸香,1
圆嚼,1
值得反反复复,1
咖啡浓缩,1
浓缩奶,1
感受夏日,1
咖啡实则,1
忘记滋味,1
嚼奶,1
细腻看得,1
饮陪伴,1
太久好像,1
奇妙味道,1
反反复复喝,1
浓缩博士,1
盛怀念,1
弹润,1
香细腻,1
看似黑,1
现煮,1
咖啡边吹,1
非常嚼,1
会街头,1
需要满足,1
会推,1
新力量,1
自然会,1
喝到冰淇淋,1
小店店面,1
已经新创,1
店外简式,1
店里冰淇淋,1
窗边高脚凳,1
简式矮凳,1
顺滑温和,1
小桌橱,1
橱窗边,1
矮凳桌,1
边吹空调,1
时常会,1
满足喜欢,1
实习月,1
融入更是,1
咖啡相当,1
空调房,1
月没错,1
成都盛,1
原来早就,1
感觉看似,1
咖啡因需要,1
更丰满,1
十分优秀,1
清凉中,1
喝温暖,1
中迸发,1
拥抱新,1
喜欢经典,1
更是整体,1
风原来,1
錯用料,1
錯風景,1
鐵站,1
步行东门,1
饮品中的,1
恰到好处提拉,1
顶部提拉,1
天府二街,1
很久提拉,1
东大街太古,1
赋予砂质,1
早就提拉,1
熔岩冰淇淋,1
烦请自行,1
砂质感,1
独一机会,1
叫做熔岩,1
成都独一,1
一一试试,1
冰淇淋饮品,1
二街店,1
顺滑不涩,1
营业时间以后,1
红牌楼店,1
冰淇淋砖,1
保护不错,1
想到可能,1
特殊原因,1
合适时间,1
原因更,1
更需要,1
米苏粉,1
不涩口,1
粉巧克力粉,1
中的冰淇淋,1
具体位置烦请,1
店桐梓林店,1
心心念念很久,1
查询营业时间,1
桐梓林店红牌楼,1
深顺滑,1
砖质地,1
粉末赋予,1
觉得温暖,1
风味口感,1
更耐热,1
咖啡种类,1
喝冰淇淋,1
店铺名称,1
店铺地址,1
顶部放,1
嘻嘻再,1
直白容易,1
组合粉,1
感饮品,1
期间点点,1
下方咨询,1
蛮合理,1
咖啡神奇,1
店天府,1
不算便宜,1
杯不算,1
放冰淇淋,1
春熙路站,1
饮品变得,1
饮店铺,1
点点苦,1
粉饮品,1
紧密冰淇淋,1
双倍快乐,1
快乐双倍,1
试问爱,1
搭配冰淇淋,1
质地更为,1
拿着下方,1
粉粉,1
定价蛮,1
店打卡,1
心动话,1
冰淇淋快乐,1
机会一一,1
铁顶部,1
确实特色,1
时间吹,1
門口,1
无意拿错,1
同意店里,1
喝杯注定,1
店里无人认领,1
无人认领雨伞,1
无语事情,1
本来无语,1
米苏保护,1
米苏子,1
过来喝杯,1
人生路何尝,1
身旁可人,1
换物忽,1
可人合适,1
晴晴雨,1
晴雨雨,1
插曲进店,1
灰熔岩,1
咖灰,1
突然降,1
店地址,1
準雨,1
隔壁離,1
離春熙路,1
靠窗位子,1
風大作,1
小妹妹還,1
位子還,1
口感還,1
口準,1
铁造型,1
整乾,1
用料充足,1
室內,1
造型口感,1
降狂,1
环境於,1
服务小妹妹,1
物换物,1
拿走伞,1
便征求,1
相拥取暖,1
顶风过来,1
隔空,1
独自顶,1
灰拒绝,1
大风里面,1
忽觉得,1
空物,1
陪伴可能会,1
换陪伴,1
其实注定,1
换品种,1
场景换,1
换场景,1
可能无意,1
子铁,1
里面温暖,1
可能会换,1
店家同意,1
大风合适,1
品种有意思,1
顶风前行,1
伞前行,1
顶伞,1
有意思插曲,1
意境外面,1
甜咖,1
注定甜,1
合适意境,1
失眠咖,1
合适身旁,1
注定失眠,1
拿错特殊,1
吹大风,1
征求店家,1
前行夜晚,1
外面大风,1
进店认真,1
不能回购,1
爆先,1
起来比较,1
包装全方位,1
店很久,1
店街,1
运营模式,1
模式更是,1
何谓熔岩,1
说是喝,1
稍微逊色,1
值得四颗星,1
归来咖啡,1
店面确实,1
或许稍微,1
咖啡或许,1
总体三星,1
冻特别,1
试试特别,1
加盖,1
感觉一边,1
更是新颖,1
味道出品,1
令人惊喜,1
出品包装,1
牛油果冰,1
牛油果味道,1
团牛油果,1
搭配刚刚好,1
基本牛油果,1
试试酸奶,1
牛肉果,1
服务员出品,1
新鲜牛肉,1
太腻,1
出品很快,1
整体星,1
小伙伴一直,1
星推荐,1
会试试,1
果做,1
全方位赶超,1
一边喝,1
咖啡更,1
客户需求,1
质量值得,1
服务员忙,1
不太好入口,1
前喝一杯,1
觉得不太好,1
不懂品尝,1
满意店员,1
无意中发现,1
酒店途中,1
总体满意,1
回广州,1
回酒店,1
广州前,1
黑糖配料,1
甜度选择,1
叫做咖啡,1
口感变得,1
搭配牛奶,1
展购,1
购对面,1
看着食欲,1
快沉不住气,1
说试试,1
不同客户,1
一边吃,1
选择质量,1
正想,1
更觉得,1
想说,1
对面街角,1
洋展,1
音频种类,1
团购划算,1
种类繁多,1
小哥快,1
闻到咖啡,1
进去闻到,1
店音频,1
沙加新鲜,1
冰沙加,1
基本带,1
原味铁,1
再放下去,1
融合浓缩,1
说提拉,1
图片分层,1
居然不大,1
太多冰,1
店家介绍,1
咖啡形式,1
店座位,1
实物没有,1
比较特别,1
没有图片,1
盖配上,1
配上原味,1
铁铁上,1
铁上加,1
浓郁甜度,1
米苏融合,1
不敢再放,1
会稍微,1
没得乐趣,1
刚开业,1
腻没,1
觉得有点,1
喝起确实,1
最爱桃子,1
再加桃胶,1
反反复复桃,1
托菠萝,1
葡萄会,1
菠萝纤维,1
纤维太重,1
稍微甜,1
不要熔岩,1
确实没得,1
曲循环,1
菠萝比较,1
加提拉,1
之后浓郁,1
不同造成,1
铁之后,1
以后发现,1
甜总体,1
有点偏,1
超喝,1
咖啡师专业,1
咖啡豆不同,1
应该咖啡豆,1
味调和,1
收银超,1
甜酒,1
带苦涩,1
短暂休息,1
环境咖啡店,1
力好看,1
没有好喝,1
超耐心,1
再甜,1
应该比较,1
朋友应该,1
发现上面,1
甜品朋友,1
巧克力粉奶,1
撒巧克力粉,1
里面提拉,1
东大街有名,1
有名咖啡店,1
店员蛮,1
喝甜品,1
传统咖啡店,1
喜欢传统,1
到手以后,1
比较饮品,1
之前很小,1
生意不错,1
发现店员,1
应该生意,1
比较适合,1
含有咖啡,1
单纯喝,1
水果味,1
只想喝杯,1
怕冰又,1
路边小店,1
蛮香浓,1
熔化巧克力,1
理解熔化,1
熔岩理解,1
咖啡得来,1
店员配方,1
得来路边,1
精品咖啡,1
本来脏,1
听店员,1
顾问,1
入口感觉,1
更想来,1
喝精品,1
店员建议,1
喝杯热,1
冰又腻,1
送货时间,1
没有位置,1
选初恋,1
店面里面,1
佩服其实,1
剪完,1
加酒精,1
托喝,1
头发过来,1
联团,1
服务员问,1
完头发,1
发现店面,1
团选,1
过来找到,1
一直外面,1
不要加,1
问不要,1
找到发现,1
没顾,1
最后有点,1
越来越发现,1
下面黑糖,1
甜不要,1
冰下面,1
附近霸王,1
细心提醒,1
系列好像,1
已经打包,1
摇更,1
一大爱,1
不要尝试,1
前摇,1
旁边环境,1
提醒喝,1
成为一大,1
先网上,1
喝前,1
服务先,1
喝下去会,1
试试看服务,1
口甜,1
更层次感,1
不易溶化,1
放眼望去风,1
网上下单,1
黑糖不易,1
也挺好喝,1
位置春熙,1
咖啡拔草,1
春熙附近,1
味道熔岩,1
咖啡摇,1
幸福感爆棚,1
没想到好喝,1
好像也挺,1
先是浓郁,1
不愧推荐,1
觉得熔岩,1
摇摇,1
喝朗,1
很久进去,1
外面很久,1
红风格,1
不到小时,1
试试咖啡,1
手艺熟练,1
耳环小伙子,1
戴耳环,1
或许手艺,1
熟练成熟,1
继续光顾,1
喜欢味道,1
喜欢戴,1
离开成都,1
小伙子做,1
外带店,1
不会很甜,1
铁貌似,1
装修清新,1
清新网,1
推出创意,1
期待新品,1
搭配柠檬,1
太影响,1
喜欢单纯,1
变得丰富,1
完全尝试,1
附近都会,1
朋友完全,1
都会买,1
应该符合,1
强烈推荐新品,1
新品雪,1
真的深得我心,1
桃子荔枝,1
荔枝葡萄,1
好喝好看,1
适合闷热,1
最喜欢葡萄,1
好看用心,1
同行喜欢,1
小心删了,1
真的佩服,1
说不出来感觉,1
味道真,1
楼下走,1
出品服务,1
运输原因,1
味道黑啤,1
喝到加,1
猕猴桃莫吉托,1
美式苏打水,1
啤酒咖啡,1
加猕猴桃,1
杯味道,1
咖啡名字,1
名字吸引,1
吸引过去,1
过去买,1
验券,1
进去验,1
放楼下,1
可能外卖,1
外卖运输,1
照片小心,1
里面百利,1
常规饮品,1
正常饮品,1
名字忘记,1
脏朋友,1
据说红,1
爆感觉,1
没有吹,1
小哥放,1
正常状态,1
觉得正常,1
少冰冰,1
愿意拿上来,1
看不出来脏,1
糖沉底,1
真不怎么样,1
开业帮,1
果味自然,1
浓喝下去,1
选莫吉托,1
室友更喜欢,1
菠萝觉得,1
饮料味道,1
平台团购,1
姆没有,1
里菠萝,1
店大概,1
饮料应该,1
影响饮料,1
之前平台,1
应该不会,1
环境可能,1
没有影响,1
可能会,1
家小网,1
知道家小,1
吃火锅突然,1
比较无功,1
更喜欢莫吉,1
果粒感,1
没有达到,1
份量味道,1
草莓酸奶,1
算是失望,1
看来算是,1
店铺越来越,1
高于周边,1
心中感觉,1
肯定高于,1
达到心中,1
庄发现,1
发现店铺,1
价格肯定,1
进行改进,1
表现出,1
没有表现,1
出应该,1
能够进行,1
附近吃火锅,1
方便买了,1
之前知道,1
突然想,1
人士友好,1
太方便,1
有点老火,1
果肉好吃,1
菠萝果汁,1
坐坐休息,1
里面坐坐,1
味道菠萝,1
交通太古,1
其实东大街,1
非常香甜,1
有点清新,1
装修有点,1
停车有点,1
味道特别,1
交通方便,1
里交通,1
偶尔喝,1
方便堂,1
杯顶,1
霉酸奶,1
不吃椰,1
单台靠墙,1
比较靠窗,1
靠窗凳子,1
醇偏酸,1
靠墙长板凳,1
蛮醇,1
酸奶奇异果,1
简风格,1
蛮显眼,1
撒椰,1
北欧极,1
列蛮,1
顶撒,1
椰人士,1
火锅列,1
酸奶份量,1
相匹配性价比,1
开在太古,1
明白热爱,1
好吃美式,1
反正奶油,1
清淡酸奶,1
美式博士,1
茶很好,1
冰感觉,1
盖太,1
感觉最好,1
味道量,1
价格适宜,1
量足,1
拍张的,1
恐怕熔岩,1
口味绝佳,1
铁太棒,1
过得去行,1
爱熔岩,1
脏喝过,1
奶油腻,1
美式熔岩,1
要求比较,1
真的慢,1
鸡排队,1
不好慢,1
生意不好,1
吃鸡,1
可能品质,1
品质要求,1
开吃,1
喝过奇异果,1
不加提拉,1
承包饮水量,1
米苏真的,1
茶不加,1
香茅味道,1
改天实体店,1
实体店试试,1
环境过得去,1
三言两语说,1
应该相匹配,1
加一大,1
感觉到真的,1
品质店,1
一家独立,1
满意一家,1
真的认真,1
做品质,1
宣传力度,1
喜欢做,1
力度没有,1
想来想去不想,1
咖啡豆不错,1
尝尝饮品,1
朋友尝尝,1
觉得尝尝,1
看到咖啡,1
不想太,1
准备朋友,1
认真做事,1
独立咖啡厅,1
做事开店,1
咖啡难为,1
一大效果,1
真是太,1
环境不大,1
说明白,1
太重要,1
服务环境,1
非常寡淡,1
属于饮品,1
太愉快,1
花样比较,1
还好最后,1
误会解除,1
新店过来,1
过来闹得,1
闹得太,1
最后误会,1
朋友要来,1
桃之夭夭成都,1
三杯外卖,1
外卖方便,1
美式没,1
饮料之间,1
刚好公司,1
之间感觉,1
之前推荐,1
口感佳,1
试试加,1
冰喝,1
不来酒,1
妹子戳戳,1
尽头小店,1
戳戳戳,1
米苏爱,1
夭清爽,1
加白朗,1
戳桃子,1
舒服熔岩,1
完全取向,1
取向狙击,1
要来吃,1
强推熔岩,1
必须熔岩,1
比较熔岩,1
里面温热,1
之后好喝,1
觉得温热,1
盖咖啡,1
温热比较,1
更好入口,1
不错奶,1
上面微,1
只能冰,1
话只能,1
冰比较,1
部分更好,1
比较个人,1
一起之后,1
口感不涩,1
火锅店尽头,1
店员妹子,1
桃子肉,1
浓香喝,1
口味差,1
里面黄色,1
之间差别,1
整体装修,1
装修系,1
店不得不,1
品尝出,1
整体非常,1
环境整体,1
称赞,1
不得不称,1
出之间,1
说丰富,1
固形物喜欢,1
带过杯,1
帮带过,1
里面固形物,1
入口奶,1
盖香味,1
深深爱上,1
爱酒,1
杯桃,1
果冻价格,1
排火锅店,1
肉实在,1
家属杯,1
酒家属,1
酒加,1
咖啡黑啤,1
赞咖啡店,1
混杂着黑啤,1
落地窗明亮,1
和蔼开朗,1
店员和蔼,1
精致小巧,1
饱满甜,1
黄色菠萝,1
外卖话,1
腻咖啡,1
豆子不错,1
饮更,1
适合热热,1
随便搜到,1
黑啤散掉,1
咖啡豆提神,1
迎来咖啡豆,1
不愧招牌,1
提神香味,1
店面清爽,1
总体好喝,1
咖啡到手,1
气瓦斯,1
算是草,1
味道小伙伴,1
咖啡认知,1
进门迎来,1
盯着喝,1
比较甜,1
热热天气,1
水黑啤,1
散掉咖啡,1
吃遂,1
好喝好喝,1
爱桃桃,1
看到桃桃,1
火爆贤,1
遂排队,1
应该招牌,1
成都火爆,1
眼看到,1
想去排,1
旁边看到,1
感朋友,1
铁应该,1
咖啡酸苦,1
喜欢奇奇怪怪,1
喝一杯感觉,1
奇奇怪怪味道,1
突破咖啡,1
非常好奇,1
咖啡搅拌,1
评价不想,1
买了盒,1
杯热水,1
路过杯,1
爱上店,1
有点感冒,1
哥哥主动,1
主动杯,1
几乎杯,1
走买了,1
真的不要,1
期待新,1
新产品,1
咖啡粉加上,1
苦咖啡粉,1
顺滑上面,1
温热外卖,1
咖啡豆子,1
盒挂,1
桃子真的,1
今早刚好,1
比较突破,1
比较苦,1
到手会,1
会喜好,1
带气,1
会盯着,1
做冰,1
推荐喜欢,1
觉得带,1
回去试试看,1
融合会,1
会幸福,1
感觉会,1
变温有点,1
天气变温,1
店桃之夭夭,1
快要下市,1
回香不错,1
米苏回香,1
看到想到,1
不想出门,1
晒不想,1
系列不错,1
认为酸奶,1
养得太,1
常识养得,1
细节挺棒,1
铁来尝尝,1
流熔岩,1
能容纳经典,1
尝尝奶,1
嚼冰,1
饮路过,1
口味常识,1
有点单薄,1
盖细腻,1
喝嚼,1
好评流,1
觉得好看,1
伙伴们觉得,1
周围转,1
外卖点,1
菜单特,1
美式走,1
太热没,1
注意走过,1
总体挺,1
没仔细,1
位置左右,1
美好生活遐想,1
果茶本位,1
试试果茶,1
清爽宜人,1
适合蝉鸣,1
卖点饮品,1
丝清凉,1
饮品丝,1
糖试试,1
外卖速度,1
有点崩溃,1
算好评,1
杯算,1
太挑,1
高昂房租,1
草拔,1
东大街办事,1
导航刚好,1
房租地段,1
搜导航,1
收藏夹里,1
打围处,1
圣街,1
咖啡便宜,1
地段做到,1
做到平民,1
偏偏出现,1
处店面,1
出现街边,1
没有解锁,1
街周围,1
商圈高昂,1
导航圣,1
便宜大碗,1
喜欢知道,1
温馨店,1
店布局,1
一家温馨,1
路过发现,1
真的达,1
不到喜欢,1
达不到,1
想要喝一杯,1
外卖主打,1
春熙商圈,1
修路打围,1
想起收藏夹,1
刚好顺路,1
街边修路,1
骤然想起,1
顺便草,1
仔细菜单,1
酸度到位,1
走过美式,1
比较快,1
可能糖,1
重点推荐,1
味道不太好,1
喝颜值,1
好久没喝,1
最贵杯,1
荔冻,1
草荔,1
夏日新品,1
漏洒,1
很高夏日,1
配料味道,1
店家包装,1
包装仔细,1
味道有点,1
洒情况,1
没有漏,1
比较奇怪,1
力味道,1
去找店,1
夏日莫吉,1
拼服务,1
服务拼,1
店买,1
平台买,1
价格低,1
价格平台,1
买价格,1
店里排,1
成都外卖,1
苏打水莱姆,1
莱姆酒,1
外卖无意中,1
喝完去找,1
水果苏打水,1
推荐夏日,1
排凳子,1
速度比较,1
喝说,1
美式太热,1
说没,1
吸管再,1
酒精含量,1
主动插,1
口感先,1
先酸,1
不会醉,1
座位适合,1
配料里,1
再递给,1
掉天气,1
杯不会,1
没有感觉到,1
样子服务,1
会主动,1
说喝,1
服务说,1
咖啡店太古,1
朗姆酒没有,1
感觉到酒精,1
融化掉,1
奇异果汁,1
天气里来,1
很棒选择,1
汁很棒,1
里来杯,1
主料奇异果,1
热得快融化,1
奇异果口感,1
托主料,1
里朗姆酒,1
冰奇异果,1
插吸管,1
甜清爽,1
店铺小巧,1
小巧清新,1
酸甜,1
醉样子,1
非常感人,1
平民价格,1
环境拼,1
火锅很难,1
很难注意到,1
超可爱,1
试试新,1
出酸奶,1
饮品会,1
会获得,1
一眼就让,1
就让想,1
好喝咖啡,1
带着不远千里,1
听到好喝,1
不远千里卡,1
包装简约,1
融汇附近,1
够甜,1
咖啡闺蜜,1
高想哭,1
可爱熊,1
获得印章,1
味道并不,1
日历竟然,1
评算是,1
咖啡丢,1
评价蹲,1
补好评,1
丢丢,1
很好相处,1
算是补,1
饮品特别,1
感觉温馨,1
没评,1
以前一直,1
一直没,1
等位旁边,1
默契熔岩,1
酸奶不错,1
种类挺,1
旁边火锅,1
够纯,1
纯够,1
简约风,1
终于星巴克,1
入喉,1
太多调味品,1
完胜星,1
口奶,1
口感应该,1
咖啡入,1
价格口感,1
真正咖啡,1
加太多,1
泡再,1
咖啡需要,1
再咖啡,1
价格合适,1
其实真正,1
应该更好,1
没有冰,1
需要加,1
口感完胜,1
调味品修饰,1
特别想,1
迎面而来浓郁,1
星巴克选择,1
咖啡自然,1
咖啡了解,1
自然带着,1
机会喝,1
经常活动,1
都想点尝尝,1
刚刚好样子,1
最后纠结,1
尝尝冲动,1
草莓主打,1
主打奶,1
非常诱惑力,1
盖味道,1
推荐草莓,1
纠结推荐,1
丢甜,1
会相应,1
一家态度,1
带走工作日,1
苦香醇,1
有一点偏差,1
香醇铁,1
选择奶昔,1
贴合当下,1
喜欢酸涩,1
椅子木头,1
工作日闲暇,1
店芋,1
心仪咖啡,1
总共分店,1
主打舒适,1
定位有一点,1
圆脏,1
当下潮流,1
木头制,1
饮品实在,1
酸涩咖啡,1
闲暇坐坐,1
介意提拉,1
受影响,1
并不便宜,1
店面没有,1
便宜受,1
保持不错,1
准备放弃,1
正准备,1
价格保持,1
里没有,1
腻有味,1
之后停不下来,1
喝到特别,1
奶昔果茶,1
完全多虑,1
成都喝到,1
有味甜,1
米苏口感,1
导航定位,1
甜感,1
相应建议,1
符合喜好,1
街道注意,1
近年来成都,1
完全满足,1
证明完全,1
爱喝,1
实在想,1
主动介绍,1
咖啡师会,1
椰隐藏,1
隐藏菜单,1
态度咖啡店,1
姓郑,1
系列赞,1
遇到姓,1
点名做,1
必喝,1
郑先生,1
一直感叹,1
空间相对,1
店风格,1
招牌明显,1
位置导航,1
细腻丰富,1
饮品喜欢,1
相对较小,1
比较简洁,1
比较介意,1
特别心仪,1
茶系列,1
心想会,1
店总共,1
反感方式,1
风格适合,1
就近选择,1
加上微,1
店定位,1
咖啡选择,1
拼价格,1
拼环境,1
很香浓,1
朋友种草,1
车子载,1
带走车上,1
很小坐,1
朋友吃完,1
午饭想,1
喝聊天,1
没有杂,1
车上喝,1
开车子,1
没有杯,1
券算下来,1
算下来杯,1
好像菠萝,1
觉得好啦,1
闺蜜好像,1
挺好联,1
觉得挺好,1
杯雷,1
盖甜度,1
士多啤梨超,1
载四姐妹,1
美食超,1
搭爱,1
喝小心,1
盖爱,1
吃全家,1
店超,1
刚喝,1
一起吃,1
坐不下,1
想喝杯,1
那味道真的,1
解解腻,1
三杯好喝,1
杂味酸,1
咖啡解解,1
滑顺口,1
味酸味,1
联联,1
有点适应,1
饮品做,1
味道喝,1
倒是底部,1
上层味道,1
果冻喝,1
果肉更好,1
原版到底,1
备注不要,1
葡萄团,1
知道原版,1
葡萄觉得,1
觉得融,1
更好雪,1
液体里,1
看着照片,1
盖知道,1
喝之前,1
没有奶,1
到底没有,1
融液体,1
之前搅匀,1
喝适口,1
团上点,1
杯不到,1
耐心介绍,1
联买,1
久觉得,1
盖备注,1
上点店,1
像是奶,1
备注了无,1
软滑喝,1
底部莱姆,1
照片像是,1
莱姆果冻,1
甜味浓郁,1
桃胶没,1
下面甜味,1
店自取,1
杯方便,1
月饼吃,1
四川美食,1
奶茶咸奶盖,1
点评里面,1
店铺很大,1
准确位置,1
里面评论,1
太眼,1
评论图片,1
喝不错,1
故意先,1
了解准确,1
很大间,1
走过没有,1
店太,1
没有试,1
感觉没有,1
没有找到,1
嘻嘻嘻嘻,1
超话,1
不起眼一家,1
先杯子,1
间门面,1
服务太,1
咖啡很香,1
吧台哥哥,1
不错吧台,1
哥哥接待,1
太力,1
会咖啡,1
接待服务,1
试喝,1
幸好大众,1
夭新产品,1
茶无功,1
杯子弄得,1
鲜果咖啡,1
弄得脏,1
喝好喝,1
卖鲜果,1
个人感觉云南,1
小伙伴美极了,1
成都美食,1
月饼个人感觉,1
奶油奶,1
月饼好吃,1
全家月饼,1
普通熔岩,1
云南火腿,1
盖奶茶,1
奶茶杯,1
爱下层,1
城市美食节,1
美食探,1
耍四川,1
盖厚,1
铁搭,1
进来看看,1
里闲逛,1
携带杯,1
搅再,1
奶茶果汁,1
美食学长,1
甜奶油,1
呛到允,1
爱配上,1
现磨咖啡,1
看到小店,1
看看现磨,1
美极了嘻嘻,1
配上月饼,1
可可粉呛到,1
呛到污,1
火腿月饼,1
污呛到,1
允悲,1
静好探,1
鲜秃顶,1
悲搅,1
嘻嘻鲜,1
果汁鸡尾酒,1
有一点酒味,1
酸奶甜度,1
不错里面,1
贴心滴,1
店坐坐,1
路过逛街,1
相识很久,1
差不多菜单,1
写字楼咖啡,1
咖啡店换,1
温馨路过,1
地址不时,1
会太古,1
附上之前,1
菜单喝,1
客服对话,1
超贴心,1
客服超,1
滴服务,1
之前客服,1
做写字楼,1
咖啡附上,1
饮品蛮,1
酒味喜,1
进去坐坐,1
红地位,1
朋友聊天,1
内容瞬间,1
推荐众多,1
做饮料,1
里面一家,1
店内容,1
环境加上,1
换地址,1
喝最爱,1
闭眼不会错,1
好喝闭眼,1
东大街临街,1
嘻嘻相识,1
咖啡店店面,1
坐坐客服,1
写字楼咖啡店,1
比较温馨,1
公司换,1
之前做,1
像是顺滑,1
奇异果试试,1
柠檬奇异果,1
茶饮层出不穷,1
托大白天,1
快要赶上,1
类似茶饮,1
层出不穷拼,1
赶上星,1
味道拼,1
拼味道,1
酒精害怕,1
商圈类似,1
里面柠檬,1
拼装修,1
装修拼,1
爸爸海岛,1
害怕喝,1
上脸味道,1
消费者接受,1
不错价格,1
顶部流体,1
奶茶店咖啡馆,1
材料用得,1
用得不错,1
米苏蛋糕,1
顺滑奶,1
流体提拉,1
奇异果榨汁,1
新鲜奇异果,1
考虑喝,1
咖啡馆出品,1
涩感,1
起来涩,1
再加考虑,1
评论可观,1
价格再加,1
咖啡消费者,1
饮料店,1
加上杯,1
可能性里面,1
一直团,1
比较忙没有,1
檬气泡,1
青柠檬,1
外卖来去,1
联联在,1
泥青柠,1
林立春熙路,1
来去咖啡,1
咖啡店林立,1
联在做,1
菠萝肉,1
团外卖,1
肉泥,1
选便宜,1
只能才点上,1
便宜普通,1
毕竟价格,1
感觉比较忙,1
总得来说中等偏上,1
性价比总得来说,1
每次忍不住,1
选莓,1
甜度超,1
偏向咖啡,1
腻选,1
超越喜,1
饮品超,1
心目中地位,1
宣布心目中,1
喝会,1
更偏向,1
忍不住喝,1
完全超越,1
符合理想,1
地位完全,1
超符合,1
感觉更,1
沟通一直,1
没有沟通,1
记住品牌,1
整体很甜,1
赢得驻足,1
吧台朋友,1
加情谊,1
听到含义,1
低调舒适,1
聊天偶然,1
众多饮品,1
瞬间记住,1
地段实在,1
驻足注意,1
用心加,1
里人来人往,1
偶然听到,1
杯低调,1
地位低调,1
一家用心,1
品牌精致,1
含义可能性,1
低调饮品,1
精致用心,1
店里我心,1
人气饮品,1
杯人气,1
套餐应该,1
应该杯,1
一切都是感觉,1
吃完饭过来,1
坐在吧台,1
感觉吃完饭,1
实在难得一见,1
我心没有,1
过来坐在,1
饮品一切都是,1
饮品店里,1
情谊太古,1
人来人往地段,1
难得一见赢得,1
比较苛刻,1
慢纯,1
纯慢,1
街边开,1
环境挺好,1
适合感觉,1
火锅想,1
热情网上,1
装修环境,1
网上买,1
找地方,1
会点比较,1
味道喝一杯,1
感觉泰式,1
泰式拉,1
莫吉托清爽,1
阿拉比卡咖啡豆,1
茶茶味,1
下面阿拉比卡,1
很好提拉,1
连着外卖,1
挺热情,1
没什么顾客,1
起来不错,1
地方小憩,1
同样心意,1
天气凉,1
好评送,1
不同惊喜,1
每次同样,1
拉心,1
送每次,1
每次不同,1
店里没什么,1
小憩坐坐,1
进门店员,1
店员招呼,1
没什么外卖,1
路过饮品,1
想起火锅店,1
火锅店路过,1
券杯,1
酒精好喝,1
咖啡豆做,1
茶味没有,1
加糖真的,1
听说提拉,1
香遮住,1
鸳鸯有点,1
早起杯,1
过于甜,1
苦香,1
有点过于,1
喝过说,1
铁没,1
壁上黑糖,1
开一段时间,1
想着没,1
黑糖香味,1
香味混合,1
咖啡焦,1
甜度接受,1
坚强冰,1
盘换一家,1
咖啡盘换,1
满意熔岩,1
稍微提升,1
喝过最好,1
里面堆满,1
路过看见,1
真的浓郁,1
没有加糖,1
看见平,1
拉茶,1
中毒感觉,1
希望服务,1
上面很好,1
平里面,1
太舒服,1
服务稍微,1
比较急,1
做铁,1
没有重,1
疯狂爱上,1
好朋友大大,1
鸳鸯拉,1
咖啡厅拍拍照,1
服务满分,1
咖啡店没有,1
搭配特色,1
喜欢组合,1
本来喜欢,1
低卡,1
说啤酒,1
酸奶牛角,1
岩溶真的,1
咖啡单品,1
鸡好吃,1
单品里,1
包炒,1
前酸奶,1
应该算是,1
里排,1
排前,1
卡糖,1
毕竟健身,1
感谢耐心,1
糖气泡,1
丝毫影响,1
吸引过来,1
中芝麻,1
店里黑啤,1
看到店里,1
苏打美式,1
杯苏打,1
气泡咖啡,1
啤酒味,1
索性拜托,1
爽心满意足,1
味糖浆,1
拜托店员,1
咖啡应有尽有,1
耐心店员,1
菜单咖啡,1
再来滴,1
喝喝下午茶,1
变美加,1
拍拍照喝喝,1
呵欠说,1
翻外卖,1
不懂咖啡,1
继续外卖,1
口味真的,1
想起以前,1
没哪天,1
上班好像,1
偶然看到,1
喝翻,1
爱同事,1
说困,1
好像没,1
喝知道,1
会继续,1
鲜肉伯爵,1
爱上茉莉,1
困意,1
外卖偶然,1
外卖招牌,1
不用排队,1
很好咖啡厅,1
坐午,1
排队太久,1
十分惬意,1
找地理位置,1
效率很高,1
找很久,1
真的很高,1
哪天困,1
发现性价比,1
扑鼻咖啡香,1
进店扑鼻,1
咖啡香喜欢,1
不错都说,1
都说会,1
喝过脏,1
制作很快,1
店开,1
店舒服,1
小店忙碌,1
时隔很久没,1
黑芝麻糊加入,1
最好摇匀,1
新品心动,1
爱黑芝麻,1
有点怀念,1
店外卖,1
春熙路想,1
比较喝,1
看到出,1
像是茶饮,1
喝到喝,1
味过重,1
不小不想,1
分量不小,1
喝过最难,1
感受不大好,1
挂壁好看,1
太合口味,1
下单杯,1
离家近,1
熟店家,1
吐槽过瘾,1
逗青年,1
欢乐吐槽,1
青年欢乐,1
有毒喝,1
心情最好,1
算最好,1
想有毒,1
最好状态,1
一起吐槽,1
没有心情,1
状态想,1
问题相信,1
甜合适,1
终于试试,1
味道独特,1
最难喝,1
杯白就,1
白就完全,1
麻午,1
苦味将将,1
咖啡苦味,1
尝尝冰,1
咖啡质感,1
甜味占,1
不会甜味,1
占主导,1
影响咖啡,1
新惊喜,1
肯定会,1
会新,1
公交站背后,1
喜欢太苦,1
太苦太,1
对面公交站,1
店里大幅,1
涩有酸味,1
太苦喝,1
不会太苦,1
月前,1
不想喝完,1
杯劵,1
两口嘴巴,1
嘴巴麻,1
加酸涩,1
深烘焙,1
算喝过,1
烘焙加,1
拒绝推销,1
老板一直,1
前喝过,1
劝说买,1
完全不行,1
喝白,1
一直劝说,1
咖啡月,1
之前喝,1
过瘾小伙伴,1
垮丝,1
白好喝,1
觉得必须,1
没有糖度,1
甜味太,1
爱上咖啡,1
瞬间秒杀,1
咖啡化解,1
选准时间,1
重点外卖,1
太淡,1
实在遗憾,1
尝试铁,1
秒杀活动,1
外卖没有,1
划重点,1
下楼买,1
想去便利店,1
必须试试,1
路过觉得,1
铁甜味,1
秒杀星巴克,1
外卖秒杀,1
索性直接,1
没有精神状态,1
直接下单,1
杯外卖,1
容易犯困,1
外卖很快,1
成都雨水,1
真爱粉丝,1
成真爱,1
糖度选择,1
天气很好,1
店近,1
已经成,1
招牌最爱,1
时间下单,1
最爱尝试,1
画图空虚,1
买早餐,1
团专送,1
阿呆老师,1
流沙包,1
满足没有,1
没有选择,1
吐槽才更,1
店家不多见,1
才更快乐,1
郑先生没有,1
拉花垮,1
牛油果熟,1
丝牛油果,1
咖啡拉花,1
拉花白,1
心情拉花,1
好喝逗,1
拉花算,1
胡话心情,1
老师拉花,1
相信胡话,1
发现根本,1
手发现,1
太满足,1
简直热量,1
选择糖度,1
全脂牛奶,1
热量大爆炸,1
天气有点冷,1
牛奶罪恶,1
南瓜流,1
旁边全家,1
迅速送达,1
成都天气,1
脏成都,1
买南瓜,1
不会甜,1
没有吃午饭,1
全家买,1
不用担心,1
根本不用,1
圆太,1
姐姐忙,1
苛刻制作,1
咖啡爆灯,1
温暖姐姐,1
装修温暖,1
棒一家,1
不够塞牙缝,1
备注双十一,1
打卡招牌,1
眼大肚子,1
决定再买,1
喝小伙伴,1
小伙伴电影,1
完全不够,1
买网,1
先买,1
已经喝,1
静静坐着,1
下雨天咖啡,1
太少杯子,1
咖啡店精致,1
价格相当,1
丸子咖啡,1
没尝试,1
再试过,1
喝甜咖啡,1
鸳鸯美式,1
略寡淡,1
伯爵茶,1
喝伯爵,1
美式略,1
杯鸳鸯,1
性价比真心,1
鸳鸯真的,1
团套餐,1
店点评,1
太咖啡,1
真心高,1
相当满足,1
尝试推荐,1
满足几乎,1
杯子很小,1
想静静,1
服务员挺,1
挺忙,1
看到咖啡店,1
取食用,1
不行左右,1
同学开,1
左右看到,1
话再来,1
尝尝味道,1
咖啡店商场,1
好喝喜欢,1
走路话,1
同事路过,1
话热情,1
休息同事,1
机会话,1
商场附近,1
吃完丸子,1
放丸子,1
存香,1
清新布置,1
入口丝,1
供下单,1
很小只能,1
确实很好,1
只能坐,1
没位置,1
推荐没,1
下单制作,1
下单食客,1
吃陈赫,1
留齿,1
陈赫同学,1
食客坐等,1
容纳几张,1
齿存,1
服务生年轻人,1
几张桌子,1
坐等取,1
价格比较,1
网上看到,1
经常网上,1
时至今日终于,1
只能杯,1
会失眠,1
美式唤醒,1
需要杯,1
成都需要,1
咖啡真香,1
喝到杯,1
夜夜笙歌,1
笙歌风生水,1
天边日落,1
人生上集,1
上集危险,1
哭泣拥抱,1
不再夜夜,1
紧握手,1
有趣灵魂,1
分开有趣,1
本来打算,1
抽体验,1
打算抽,1
说挂,1
爱东西,1
想到吃,1
吃油,1
电梯前,1
看看不能,1
买健康,1
问介绍,1
高新开店,1
打算打卡,1
终于高新,1
铁口,1
一家日式,1
日式茶饮,1
可可香气,1
可可喝,1
热可可,1
温暖结局,1
危险旅途,1
决定试,1
甜蜜笑,1
有一点失望,1
试试水,1
蛮奇怪,1
起来层次感,1
饮品话,1
味道中和,1
反正杯,1
杯忘记,1
感觉蛮,1
原料味道,1
价格比起来,1
其实有一点,1
草决定,1
起来偏高,1
中和特别,1
比较实惠,1
特别奇怪,1
起来茶味,1
茶味原料,1
黑糖上面,1
海报写,1
旅途结束,1
离开快,1
更爱,1
糯米丸子,1
搭配糯米,1
丸子白,1
白味道,1
完全海报,1
之前一段时间,1
出品正常,1
咖啡吸引,1
走进来,1
知道搭配,1
吸引走,1
询问知道,1
一段时间经常,1
盖盖子,1
先店里,1
服务员哥哥,1
知道店,1
当红饮品,1
推荐当红,1
怪不得漂亮,1
不怎么懂,1
特权饮品,1
展示柜里,1
懂咖啡,1
店东大街,1
东大街附近,1
漂亮姐姐,1
细心推荐,1
姐姐天天,1
挺深,1
天天跑,1
跑卡,1
里新鲜,1
冷或热,1
会加,1
外卖会,1
店里吃完,1
感觉生意,1
特权杯水,1
生意真好,1
饮品说说话,1
香橙喝过,1
防漏膜,1
加防漏,1
热饮蛮,1
蛮风味,1
铁热饮,1
价钱便宜,1
饮品温度,1
是不是饮品,1
挺羡慕,1
通常堆,1
外卖知道,1
羡慕感觉,1
比较贴心,1
少有咖啡,1
代表性咖啡,1
具代表性,1
成都少有,1
经常外卖,1
比较冷漠,1
口感喜欢,1
没有亲和力,1
尴尬感觉,1
喜欢尴尬,1
全程比较,1
上班经常,1
偶尔会,1
买原因,1
服务比较,1
灰常好喝,1
芝麻毒,1
太软烂,1
简直吹,1
首页吸引,1
茶简直,1
味道口感,1
还算温馨,1
试过店,1
喝喝不错,1
不同口感,1
价格亲民,1
推荐具,1
认为成都,1
不会专程去,1
专程去喝,1
人数吓到,1
坐在隔壁,1
比较还算,1
路过喝喝,1
隔壁等号,1
撑店,1
喜欢撑,1
不错程度,1
员工人数,1
意外发现,1
杯水外卖,1
有料好像,1
店里通常,1
朋友安利,1
加糖感觉,1
出品制作,1
味儿比较,1
个人挺,1
风格个人,1
小众饮品,1
当季好吃,1
一家小众,1
好吃水果,1
创新季节,1
经常出,1
出创新,1
准备到时候,1
到时候带,1
上面熔岩,1
面熔岩,1
每次熔岩,1
简约干净,1
奶茶味儿,1
感觉很甜,1
感觉吃完,1
新品考虑周到,1
丸子新品,1
名字熔岩,1
丸子真的,1
真的不方便,1
咖啡有点,1
杯里面,1
有点冷,1
服务比较慢,1
丸子再,1
店家出,1
里面放,1
不能盖,1
再盖,1
只能先,1
制作比较慢,1
熔岩感觉,1
味道变得,1
底下有料,1
包装变,1
拿到手里,1
有点着急,1
环境蛮,1
看着真,1
期待拿到,1
真有点,1
激情再,1
店员工作,1
网友推荐,1
工作激情,1
比较长,1
网上网友,1
再高,1
时间会,1
堆工作人员,1
好像莱姆,1
工作人员忙活,1
感觉店员,1
可能热饮,1
下班特意,1
感觉少,1
路过喝,1
特别淡,1
是不是换,1
换老板,1
喜欢面,1
玩朋友,1
变得特别,1
准备成都,1
店员性格,1
带过去,1
一直准备,1
准备再,1
性格不紧不慢,1
急性子看着,1
蛮干净,1
推荐黑芝麻,1
铁店里,1
苦味混合,1
制作藤椅,1
融合回味无穷,1
咖啡棕,1
液体入口,1
冷饮最好,1
只能冷饮,1
分明完美,1
出品牛奶,1
清新咖啡,1
瞬间惊艳,1
铺特意,1
咖啡铺,1
感出品,1
特意找,1
找一定会,1
再配新,1
外皮贼爽,1
店里烤箱,1
早就店里,1
界限分明,1
棕界限,1
重奶,1
貌不惊人清新,1
名字长,1
单加做,1
铁很甜,1
样子漂亮,1
价格适中,1
铁样子,1
正常咖啡,1
一定会生生,1
囗中,1
囗喝,1
完美囗,1
层次分明感,1
惊艳层次分明,1
最好囗,1
牛奶白和,1
生生错过,1
白和咖啡,1
贼爽再配,1
贼香加,1
配上酥脆,1
青柠莫吉,1
全成都,1
总体中规中矩,1
勉强挤入,1
挤入星,1
不算很香,1
赢性价比,1
好说白,1
咖啡测评,1
杯性价比,1
不算苦,1
撒不错,1
加勉强,1
白咖啡,1
没啥特别,1
味道实在,1
白白,1
没好说,1
饮出,1
听说加,1
成都好吃,1
加青柠,1
酥脆外皮,1
好吃牛角,1
蹲着出炉,1
烤箱面前,1
面前蹲着,1
烤香味,1
托清爽,1
热饮幸福,1
新品种出,1
出炉烤,1
新品火爆,1
打卡全,1
太上头,1
火爆早就,1
出热饮,1
出新品种,1
看到味道,1
喝倾斜,1
长貌似,1
成都喝,1
店台子上,1
放味全,1
白和上面,1
品明治,1
自创新式,1
店铺自创,1
新式咖啡,1
喝完丢,1
打卡成都,1
唯品,1
牛奶唯,1
以后诧异,1
搜索店铺,1
累搜索,1
评论不错,1
服务滴,1
诧异会,1
味全牛奶,1
台子上放,1
帮拉,1
分享比较,1
太对不起,1
最初入,1
打包没有,1
比较尴尬,1
传统独立,1
每次都会,1
里软,1
说打包,1
温暖感觉,1
里面太,1
感觉传统,1
没有听到,1
可能说,1
自带辣椒,1
拉熊猫,1
姐姐帮,1
评价评论,1
会好评,1
挺惊喜,1
知道做,1
咖啡包装,1
觉得咖啡馆,1
袋子里面,1
里面固定,1
整体看着,1
更用心,1
喝独特,1
牌子更,1
看着比较,1
比较高级,1
越来越觉得,1
貌似提拉,1
碰巧团购,1
口味味道,1
会甜腻,1
倾斜到位,1
不错刚开始,1
咖啡牌子,1
独特香味,1
固定杯子,1
感觉很棒,1
尝冰,1
热饮会,1
说热饮,1
原本打算,1
口味非常,1
再尝,1
打算喝,1
蛮紧致,1
包装蛮,1
打包袋子,1
杯子感觉到,1
蛮棒,1
感觉到店家,1
咖啡馆咖啡,1
价钱不算,1
紧致整体,1
测评站,1
味重,1
下面苦味,1
真的高性价比,1
好喝字,1
店员好好,1
口味周围,1
不错口味,1
饮真的,1
太敬业,1
众独立,1
周围众,1
好好休息,1
累担心,1
高水准,1
太累,1
担心保持,1
熔岩黑糖,1
进店咖啡香,1
原材料真的,1
爸爸路人,1
高性价比不错,1
发现营业时间,1
店杯,1
保持不了,1
茶芝麻酱,1
恰灰,1
搭茉莉,1
橙汁搭,1
芝麻酱挂,1
伴着奶,1
做成冰,1
冻里面,1
热恰,1
深吸,1
吸口,1
早餐杯,1
更多做成,1
出新产品,1
冰更,1
听店,1
不了高,1
好好喝,1
喝星,1
味道香醇,1
小哥态度,1
评价排名,1
觉得意义,1
进行评价,1
作品进行,1
春熙路玩,1
特别精致,1
装修特别,1
店很大,1
玩买,1
慢真的,1
喜欢饮料店,1
很慢等得,1
等得开,1
饮料店牛油果,1
工艺流程繁复,1
制作工艺流程,1
真的很慢,1
老师选手,1
一起来参加,1
选手作品,1
排名严肃认真,1
喊外卖,1
加浓,1
之前喊,1
要求咖啡,1
每次要求,1
一直感觉,1
姐姐颜值,1
路过要来,1
超仔细,1
小伙伴一起来,1
幸运小伙伴,1
认识到可爱,1
讲解超,1
老师讲解,1
以后路过,1
超幸运,1
搅匀深,1
茉莉绿茶,1
灰好喝,1
咖啡香哥哥,1
店太远,1
幸街,1
南山加,1
最喜欢店,1
起来南山,1
囤起来,1
必须囤,1
加雪,1
系列火,1
铁超,1
换喝,1
遗憾单位,1
出挂,1
送不到,1
单位店,1
店里出,1
配上咖啡,1
咖啡续,1
甩幸,1
太远外卖,1
咖啡牛角,1
没撒,1
比较杯,1
站总体,1
实在没,1
星服务,1
特别突出,1
高店,1
买了牛角,1
啡换,1
无意间路过,1
超出意料,1
偶然进去,1
包超出,1
风店铺,1
包早餐,1
雪啡,1
便是咖啡香,1
醇厚丝,1
糯芋,1
进店便是,1
终于新品,1
早餐搭配,1
滑加,1
不错早餐,1
做为老客,1
再来试试,1
应季推出,1
店郑先森,1
挺不错茉莉,1
第一时间打卡,1
老客第一时间,1
郑先森推荐,1
芝麻香伴着,1
香橙橙汁,1
好喝吖,1
浓郁芝麻香,1
吖黑芝麻,1
唤醒活力,1
加浓缩,1
咖啡唤醒,1
包酥脆可口,1
很好熔岩,1
熔岩喝,1
感觉腻,1
味道不要,1
新品没有,1
再来尝尝,1
包带馅,1
带馅料,1
料口味,1
路过再来,1
温热伯爵,1
鸳鸯浓香,1
出炉牛角,1
浓香丝,1
鸳鸯咖啡,1
咖啡原味,1
咖啡感,1
对不起喜欢,1
初恋存在,1
甜满,1
味道偏,1
外卖平台,1
淡喜欢,1
推送开,1
开外卖,1
颂里面,1
喜欢常识,1
套餐铁,1
送撒,1
感谢强大,1
满减,1
感觉味道,1
平台点评,1
漏情况,1
原因整体,1
减活动,1
活动优惠,1
可能豆子,1
经常推送,1
酥里,1
豆子原因,1
买味道,1
以后方便,1
说买,1
活动没有,1
米苏颂,1
常识豆子,1
外卖评分,1
豆子颂,1
下午茶套餐,1
颂外卖,1
酱偏,1
选下午茶,1
偏淡,1
强大外卖,1
评分挺,1
里面酱,1
优惠性价比,1
高选,1
情况可能,1
于是点杯,1
很爽体验,1
配料写,1
附近咖啡店,1
嘴里口,1
化开来,1
完美搭配,1
之后收敛,1
收敛不能,1
居然加,1
感觉居然,1
盖带着,1
选择糖,1
火锅之后,1
店特,1
完全立刻,1
贴心说,1
不能少,1
里化,1
咖啡店评价,1
写美式,1
特权火锅,1
可可气息,1
想要口味,1
杯黑啤,1
立刻想要,1
糖很棒,1
黑啤美式,1
封口防漏,1
二氧化碳燥火,1
燥火嘴里,1
包装挺好,1
保鲜膜封口,1
嘴里冒气,1
带着可可,1
附带吸管,1
很香包装,1
加保鲜膜,1
蛮贴心,1
积活动,1
打折活动,1
简单杯,1
没得之前,1
子想,1
做位置,1
超社会,1
地方做,1
偶尔吸上来,1
吸上来巧克力,1
喜欢甜咖啡,1
甜铁巨,1
甜咖啡姐妹,1
铁巨好喝,1
没啥味道,1
好喝不贵,1
好喝浮云,1
饮品好喝,1
看上去凌乱,1
没得座位,1
墙裂,1
看到撒,1
吃芒果,1
进门地方,1
广场对面,1
混合甜美,1
太涩,1
香槟广场,1
坐桌椅,1
大幅海报,1
海报吸引,1
杯上面,1
属于走,1
大哥喝,1
走店,1
没有坐,1
脏最爱,1
大哥带我去,1
带我去超,1
饿死鬼看到,1
撒子,1
店面看上去,1
一直好喝,1
制作仔细,1
裂推荐,1
下去满足,1
时间停留,1
有点高,1
太多时间,1
没有太多,1
店里杯,1
方便喝到,1
杯花茶,1
熔岩杯,1
走到春熙路,1
用心泡,1
咖啡积,1
尝试外卖,1
杯打折,1
喜欢咖啡店,1
店员制作,1
送到咖啡,1
感觉热量,1
哥哥推荐,1
热量有点,1
张图供参考,1
酸奶真的,1
之前整洁,1
重点饮品,1
每次必,1
成都必,1
真的每次,1
吃完饭准备,1
消食去逛,1
反正口,1
美式苦味,1
混美式,1
估计卵,1
路边咖啡店,1
准备消食,1
偶遇路边,1
店主哥哥,1
中完美,1
发现附近,1
说选择,1
铁味道很好,1
甜度很轻,1
豆香不重,1
焦糖甜度,1
熔岩层次,1
欣赏熔岩,1
加上焦糖,1
外卖没法,1
稳稳铁,1
钟爱铁,1
选择焦糖,1
味很重,1
选择稳稳,1
味小伙伴,1
没法欣赏,1
偏奶,1
小伙伴选择,1
不苦有点,1
明显压过,1
咖啡豆香,1
压过豆香,1
酒精事实证明,1
水果应该,1
店之前,1
感觉可能,1
妈说,1
可能没有,1
不了酒,1
事实证明基本,1
兑换券饮品,1
起来之前,1
搞醉,1
喝点东西,1
差点搞,1
装修比较,1
之前团,1
旁边吃,1
基本喝,1
觉得不苦,1
甜刚刚好,1
没有尝,1
好像熔岩,1
凤梨橙,1
弄得满手,1
尝过饮品,1
不方便撕开,1
想象好喝,1
太绵软,1
外卖堂,1
橙想象,1
新品颂,1
以外饮品,1
铁不用说,1
独立咖啡馆,1
巧克力颂,1
颂巧克力,1
装打包,1
外酥,1
咖啡以外,1
暖暖凤梨,1
食试过,1
竟然从来没,1
拿到觉得,1
咖啡盆,1
有一天上班,1
觉得店家,1
微信群,1
突然想到,1
加微信,1
上班突然,1
没有店,1
满手满地,1
从来没评,1
味道没得说,1
喝来喝去最喜欢,1
开业喝到,1
想要咖啡,1
托点过,1
满地可能,1
之前听到,1
没有招牌,1
喝一杯用心,1
喝感觉,1
完美结合,1
一起聊天,1
约加,1
西方中国,1
朋友约,1
中国完美,1
工作朋友,1
旁边不远,1
米苏搭配,1
饮熔岩,1
得来尝尝,1
尝尝咖啡,1
庄火锅,1
难得来,1
火锅旁边,1
开咖啡店,1
起来奶茶,1
传统奶,1
咖啡传统,1
特别醒目,1
面上奶,1
饮喝一杯,1
黑糖完美,1
锦江区东大街,1
有着提拉,1
聊天说笑,1
成都市锦江区,1
东大街不算,1
完美混搭,1
制作咖啡,1
甜心里,1
缓解疲惫,1
踏实温暖,1
用心制作,1
令人踏实,1
醒目店,1
饮品非常,1
城里开,1
咖啡甜腻,1
感觉水果,1
盖好吃,1
评价挺不错,1
随便搜搜,1
撒提拉,1
味道香气扑鼻,1
显得苦涩,1
无聊随便,1
无聊排队,1
旁边排队,1
增加惊喜,1
牛奶不会,1
排队增加,1
小伙伴安利,1
太常喝,1
听到小伙伴,1
买了套餐,1
觉得差不多,1
更惊艳,1
咖啡喝喝,1
算糖水,1
每次出,1
铁层次,1
丰满喝到,1
喝到满足,1
口感丰满,1
僻静风格,1
饮品心思,1
店入门,1
入门产品,1
特别腻,1
感觉特别,1
出饮品,1
铁打开,1
里不远处,1
打开店,1
风格一家,1
满足不会,1
不会感觉,1
里黄金,1
